MSW05_Binomial,missing,IUCN_binomial
Brachiones przewalskii,no,Brachiones przewalskii
Cannomys badius,no,Cannomys badius
Cansumys canus,no,Cansumys canus
Callistomys pictus,no,Callistomys pictus
Callosciurus adamsi,no,Callosciurus adamsi
Callosciurus albescens,no,Callosciurus albescens
Callosciurus baluensis,no,Callosciurus baluensis
Callosciurus caniceps,no,Callosciurus caniceps
Callosciurus erythraeus,no,Callosciurus erythraeus
Callosciurus finlaysonii,no,Callosciurus finlaysonii
Callosciurus inornatus,no,Callosciurus inornatus
Callosciurus melanogaster,no,Callosciurus melanogaster
Callosciurus nigrovittatus,no,Callosciurus nigrovittatus
Callosciurus notatus,no,Callosciurus notatus
Callosciurus orestes,no,Callosciurus orestes
Callosciurus phayrei,no,Callosciurus phayrei
Callosciurus prevostii,no,Callosciurus prevostii
Callosciurus pygerythrus,no,Callosciurus pygerythrus
Callosciurus quinquestriatus,no,Callosciurus quinquestriatus
Calomys boliviae,no,Calomys boliviae
Calomys callidus,no,Calomys callidus
Calomys callosus,no,Calomys callosus
Calomys expulsus,no,Calomys expulsus
Calomys hummelincki,no,Calomys hummelincki
Calomys laucha,no,Calomys laucha
Calomys lepidus,no,Calomys lepidus
Calomys musculinus,no,Calomys musculinus
Calomys sorellus,no,Calomys sorellus
Calomys tener,no,Calomys tener
Calomys tocantinsi,no,Calomys tocantinsi
Calomys venustus,no,Calomys venustus
Calomyscus bailwardi,no,Calomyscus bailwardi
Calomyscus baluchi,no,Calomyscus baluchi
Calomyscus elburzensis,no,Calomyscus elburzensis
Calomyscus grandis,no,Calomyscus grandis
Calomyscus hotsoni,no,Calomyscus hotsoni
Calomyscus mystax,no,Calomyscus mystax
Calomyscus tsolovi,no,Calomyscus tsolovi
Calomyscus urartensis,no,Calomyscus urartensis
Atherurus africanus,no,Atherurus africanus
Atherurus macrourus,no,Atherurus macrourus
Atlantoxerus getulus,no,Atlantoxerus getulus
Auliscomys boliviensis,no,Auliscomys boliviensis
Auliscomys pictus,no,Auliscomys pictus
Auliscomys sublimis,no,Auliscomys sublimis
Bandicota bengalensis,no,Bandicota bengalensis
Bandicota indica,no,Bandicota indica
Chaetocauda sichuanensis,no,Chaetocauda sichuanensis
Chaetodipus arenarius,no,Chaetodipus arenarius
Chaetodipus artus,no,Chaetodipus artus
Chaetodipus baileyi,no,Chaetodipus baileyi
Chaetodipus californicus,no,Chaetodipus californicus
Chaetodipus eremicus,no,Chaetodipus eremicus
Chaetodipus fallax,no,Chaetodipus fallax
Chaetodipus formosus,no,Chaetodipus formosus
Chaetodipus goldmani,no,Chaetodipus goldmani
Chaetodipus hispidus,no,Chaetodipus hispidus
Chaetodipus intermedius,no,Chaetodipus intermedius
Chaetodipus lineatus,no,Chaetodipus lineatus
Chaetodipus nelsoni,no,Chaetodipus nelsoni
Chaetodipus penicillatus,no,Chaetodipus penicillatus
Chaetodipus pernix,no,Chaetodipus pernix
Chaetodipus rudinoris,no,Chaetodipus rudinoris
Chaetodipus spinatus,no,Chaetodipus spinatus
Cricetulus barabensis,no,Cricetulus barabensis
Cricetulus kamensis,no,Cricetulus kamensis
Cricetulus longicaudatus,no,Cricetulus longicaudatus
Cricetulus migratorius,no,Cricetulus migratorius
Cricetulus sokolovi,no,Cricetulus sokolovi
Cricetus cricetus,no,Cricetus cricetus
Eremodipus lichtensteini,no,Eremodipus lichtensteini
Erethizon dorsatum,no,Erethizon dorsatum
Eropeplus canus,no,Eropeplus canus
Delomys collinus,no,Delomys collinus
Delomys dorsalis,no,Delomys dorsalis
Delomys sublineatus,no,Delomys sublineatus
Deltamys kempi,no,Deltamys kempi
Bibimys torresi,no,Bibimys torresi
Biswamoyopterus biswasi,no,Biswamoyopterus biswasi
Blanfordimys afghanus,no,Blanfordimys afghanus
Blanfordimys bucharensis,no,Blanfordimys bucharensis
Baiomys musculus,no,Baiomys musculus
Baiomys taylori,no,Baiomys taylori
Blarinomys breviceps,no,Blarinomys breviceps
Brachytarsomys albicauda,no,Brachytarsomys albicauda
Brachytarsomys villosa,no,Brachytarsomys villosa
Brachyuromys betsileoensis,no,Brachyuromys betsileoensis
Brachyuromys ramirohitra,no,Brachyuromys ramirohitra
Chaetomys subspinosus,no,Chaetomys subspinosus
Dendromus insignis,no,Dendromus insignis
Dendromus kahuziensis,no,Dendromus kahuziensis
Dendromus lovati,no,Dendromus lovati
Dendromus melanotis,no,Dendromus melanotis
Dendromus mesomelas,no,Dendromus mesomelas
Dendromus messorius,no,Dendromus messorius
Dendromus mystacalis,no,Dendromus mystacalis
Dendromus nyikae,no,Dendromus nyikae
Dendromus oreas,no,Dendromus oreas
Dendromus vernayi,no,Dendromus vernayi
Dendroprionomys rousseloti,no,Dendroprionomys rousseloti
Deomys ferrugineus,no,Deomys ferrugineus
Dephomys defua,no,Dephomys defua
Desmodilliscus braueri,no,Desmodilliscus braueri
Desmodillus auricularis,no,Desmodillus auricularis
Desmomys harringtoni,no,Desmomys harringtoni
Desmomys yaldeni,no,Desmomys yaldeni
Dicrostonyx groenlandicus,no,Dicrostonyx groenlandicus
Dicrostonyx hudsonius,no,Dicrostonyx hudsonius
Dicrostonyx nelsoni,no,Dicrostonyx nelsoni
Dicrostonyx nunatakensis,no,Dicrostonyx nunatakensis
Dicrostonyx richardsoni,no,Dicrostonyx richardsoni
Dicrostonyx torquatus,no,Dicrostonyx torquatus
Dicrostonyx unalascensis,no,Dicrostonyx unalascensis
Dicrostonyx vinogradovi,no,Dicrostonyx vinogradovi
Dinaromys bogdanovi,no,Dinaromys bogdanovi
Dinomys branickii,no,Dinomys branickii
Diomys crumpi,no,Diomys crumpi
Diplomys caniceps,no,Diplomys caniceps
Diplomys labilis,no,Diplomys labilis
Diplothrix legata,no,Diplothrix legata
Eligmodontia moreni,no,Eligmodontia moreni
Eligmodontia morgani,no,Eligmodontia morgani
Eligmodontia puerulus,no,Eligmodontia puerulus
Eligmodontia typus,no,Eligmodontia typus
Eliomys melanurus,no,Eliomys melanurus
Eliomys munbyanus,no,Eliomys munbyanus
Eliomys quercinus,no,Eliomys quercinus
Eliurus antsingy,no,Eliurus antsingy
Eliurus ellermani,no,Eliurus ellermani
Eliurus grandidieri,no,Eliurus grandidieri
Eliurus majori,no,Eliurus majori
Eliurus minor,no,Eliurus minor
Eliurus myoxinus,no,Eliurus myoxinus
Eliurus penicillatus,no,Eliurus penicillatus
Eliurus petteri,no,Eliurus petteri
Eliurus tanala,no,Eliurus tanala
Eliurus webbi,no,Eliurus webbi
Ellobius alaicus,no,Ellobius alaicus
Ellobius fuscocapillus,no,Ellobius fuscocapillus
Ellobius lutescens,no,Ellobius lutescens
Ellobius talpinus,no,Ellobius talpinus
Ellobius tancrei,no,Ellobius tancrei
Heterocephalus glaber,no,Heterocephalus glaber
Heteromys anomalus,no,Heteromys anomalus
Heteromys australis,no,Heteromys australis
Heteromys desmarestianus,no,Heteromys desmarestianus
Lagostomus maximus,no,Lagostomus maximus
Lagurus lagurus,no,Lagurus lagurus
Lamottemys okuensis,no,Lamottemys okuensis
Galea flavidens,no,Galea flavidens
Galea musteloides,no,Galea musteloides
Galea spixii,no,Galea spixii
Galenomys garleppi,no,Galenomys garleppi
Gerbillus gerbillus,no,Gerbillus gerbillus
Gerbillus gleadowi,no,Gerbillus gleadowi
Gerbillus grobbeni,no,Gerbillus grobbeni
Bandicota savilei,no,Bandicota savilei
Bathyergus janetta,no,Bathyergus janetta
Bathyergus suillus,no,Bathyergus suillus
Batomys dentatus,no,Batomys dentatus
Batomys granti,no,Batomys granti
Batomys russatus,no,Batomys russatus
Batomys salomonseni,no,Batomys salomonseni
Beamys hindei,no,Beamys hindei
Belomys pearsonii,no,Belomys pearsonii
Berylmys berdmorei,no,Berylmys berdmorei
Berylmys bowersi,no,Berylmys bowersi
Berylmys mackenziei,no,Berylmys mackenziei
Berylmys manipulus,no,Berylmys manipulus
Bibimys chacoensis,no,Bibimys chacoensis
Bibimys labiosus,no,Bibimys labiosus
Brucepattersonius griserufescens,no,Brucepattersonius griserufescens
Brucepattersonius guarani,no,Brucepattersonius guarani
Brucepattersonius igniventris,no,Brucepattersonius igniventris
Brucepattersonius iheringi,no,Brucepattersonius iheringi
Brucepattersonius misionensis,no,Brucepattersonius misionensis
Brucepattersonius paradisus,no,Brucepattersonius paradisus
Brucepattersonius soricinus,no,Brucepattersonius soricinus
Bullimus bagobus,no,Bullimus bagobus
Bullimus gamay,no,Bullimus gamay
Bullimus luzonicus,no,Bullimus luzonicus
Bunomys andrewsi,no,Bunomys andrewsi
Bunomys chrysocomus,no,Bunomys chrysocomus
Bunomys coelestis,no,Bunomys coelestis
Bunomys fratrorum,no,Bunomys fratrorum
Bunomys penitus,no,Bunomys penitus
Bunomys prolatus,no,Bunomys prolatus
Chelemys macronyx,no,Chelemys macronyx
Chelemys megalonyx,no,Chelemys megalonyx
Chibchanomys orcesi,no,Chibchanomys orcesi
Chibchanomys trichotis,no,Chibchanomys trichotis
Chilomys instans,no,Chilomys instans
Chinchilla chinchilla,no,Chinchilla chinchilla
Chinchilla lanigera,no,Chinchilla lanigera
Chinchillula sahamae,no,Chinchillula sahamae
Chionomys gud,no,Chionomys gud
Chionomys nivalis,no,Chionomys nivalis
Chionomys roberti,no,Chionomys roberti
Chiromyscus chiropus,no,Chiromyscus chiropus
Chiropodomys calamianensis,no,Chiropodomys calamianensis
Chiropodomys gliroides,no,Chiropodomys gliroides
Chiropodomys karlkoopmani,no,Chiropodomys karlkoopmani
Chiropodomys major,no,Chiropodomys major
Chiropodomys muroides,no,Chiropodomys muroides
Chiropodomys pusillus,no,Chiropodomys pusillus
Chiruromys forbesi,no,Chiruromys forbesi
Chiruromys lamia,no,Chiruromys lamia
Chiruromys vates,no,Chiruromys vates
Capromys pilorides,no,Capromys pilorides
Cardiocranius paradoxus,no,Cardiocranius paradoxus
Carpomys melanurus,no,Carpomys melanurus
Carpomys phaeurus,no,Carpomys phaeurus
Carterodon sulcidens,no,Carterodon sulcidens
Caryomys eva,no,Caryomys eva
Caryomys inez,no,Caryomys inez
Castor canadensis,no,Castor canadensis
Castor fiber,no,Castor fiber
Cavia aperea,no,Cavia aperea
Cavia fulgida,no,Cavia fulgida
Cavia intermedia,no,Cavia intermedia
Cavia magna,no,Cavia magna
Cavia tschudii,no,Cavia tschudii
Chrotomys gonzalesi,no,Chrotomys gonzalesi
Chrotomys mindorensis,no,Chrotomys mindorensis
Chrotomys silaceus,no,Chrotomys silaceus
Chrotomys whiteheadi,no,Chrotomys whiteheadi
Clyomys laticeps,no,Clyomys laticeps
Coccymys ruemmleri,no,Coccymys ruemmleri
Coendou bicolor,no,Coendou bicolor
Coendou nycthemera,no,Coendou nycthemera
Coendou prehensilis,no,Coendou prehensilis
Colomys goslingi,no,Colomys goslingi
Conilurus penicillatus,no,Conilurus penicillatus
Dasymys montanus,no,Dasymys montanus
Dasymys nudipes,no,Dasymys nudipes
Dasymys rufulus,no,Dasymys rufulus
Dasyprocta azarae,no,Dasyprocta azarae
Dasyprocta coibae,no,Dasyprocta coibae
Dasyprocta fuliginosa,no,Dasyprocta fuliginosa
Dasyprocta guamara,no,Dasyprocta guamara
Dasyprocta kalinowskii,no,Dasyprocta kalinowskii
Dasyprocta leporina,no,Dasyprocta leporina
Dasyprocta mexicana,no,Dasyprocta mexicana
Dasyprocta prymnolopha,no,Dasyprocta prymnolopha
Dasyprocta punctata,no,Dasyprocta punctata
Dasyprocta ruatanica,no,Dasyprocta ruatanica
Euneomys chinchilloides,no,Euneomys chinchilloides
Euneomys fossor,no,Euneomys fossor
Euneomys mordax,no,Euneomys mordax
Euneomys petersoni,no,Euneomys petersoni
Eupetaurus cinereus,no,Eupetaurus cinereus
Euryzygomatomys spinosus,no,Euryzygomatomys spinosus
Exilisciurus concinnus,no,Exilisciurus concinnus
Crateromys australis,no,Crateromys australis
Crateromys heaneyi,no,Crateromys heaneyi
Crateromys paulus,no,Crateromys paulus
Crateromys schadenbergi,no,Crateromys schadenbergi
Cratogeomys castanops,no,Cratogeomys castanops
Cratogeomys fumosus,no,Cratogeomys fumosus
Cratogeomys goldmani,no,Cratogeomys goldmani
Cratogeomys merriami,no,Cratogeomys merriami
Cremnomys cutchicus,no,Cremnomys cutchicus
Cremnomys elvira,no,Cremnomys elvira
Cricetomys emini,no,Cricetomys emini
Cricetomys gambianus,no,Cricetomys gambianus
Cricetulus alticola,no,Cricetulus alticola
Crossomys moncktoni,no,Crossomys moncktoni
Crunomys celebensis,no,Crunomys celebensis
Crunomys fallax,no,Crunomys fallax
Crunomys melanius,no,Crunomys melanius
Crunomys suncoides,no,Crunomys suncoides
Cryptomys hottentotus,no,Cryptomys hottentotus
Ctenodactylus gundi,no,Ctenodactylus gundi
Ctenodactylus vali,no,Ctenodactylus vali
Ctenomys argentinus,no,Ctenomys argentinus
Ctenomys australis,no,Ctenomys australis
Ctenomys azarae,no,Ctenomys azarae
Ctenomys bergi,no,Ctenomys bergi
Ctenomys boliviensis,no,Ctenomys boliviensis
Ctenomys bonettoi,no,Ctenomys bonettoi
Ctenomys brasiliensis,no,Ctenomys brasiliensis
Ctenomys colburni,no,Ctenomys colburni
Ctenomys coludo,no,Ctenomys coludo
Ctenomys conoveri,no,Ctenomys conoveri
Ctenomys coyhaiquensis,no,Ctenomys coyhaiquensis
Ctenomys dorbignyi,no,Ctenomys dorbignyi
Ctenomys dorsalis,no,Ctenomys dorsalis
Ctenomys emilianus,no,Ctenomys emilianus
Ctenomys famosus,no,Ctenomys famosus
Ctenomys flamarioni,no,Ctenomys flamarioni
Ctenomys fochi,no,Ctenomys fochi
Ctenomys fodax,no,Ctenomys fodax
Ctenomys frater,no,Ctenomys frater
Ctenomys fulvus,no,Ctenomys fulvus
Ctenomys goodfellowi,no,Ctenomys goodfellowi
Ctenomys haigi,no,Ctenomys haigi
Ctenomys johannis,no,Ctenomys johannis
Ctenomys juris,no,Ctenomys juris
Ctenomys knighti,no,Ctenomys knighti
Ctenomys lami,no,Ctenomys lami
Ctenomys latro,no,Ctenomys latro
Ctenomys leucodon,no,Ctenomys leucodon
Ctenomys lewisi,no,Ctenomys lewisi
Ctenomys magellanicus,no,Ctenomys magellanicus
Ctenomys maulinus,no,Ctenomys maulinus
Ctenomys mendocinus,no,Ctenomys mendocinus
Ctenomys minutus,no,Ctenomys minutus
Ctenomys occultus,no,Ctenomys occultus
Ctenomys opimus,no,Ctenomys opimus
Ctenomys osvaldoreigi,no,Ctenomys osvaldoreigi
Ctenomys pearsoni,no,Ctenomys pearsoni
Ctenomys perrensi,no,Ctenomys perrensi
Ctenomys peruanus,no,Ctenomys peruanus
Ctenomys pilarensis,no,Ctenomys pilarensis
Ctenomys pontifex,no,Ctenomys pontifex
Ctenomys porteousi,no,Ctenomys porteousi
Ctenomys pundti,no,Ctenomys pundti
Ctenomys rionegrensis,no,Ctenomys rionegrensis
Ctenomys roigi,no,Ctenomys roigi
Ctenomys saltarius,no,Ctenomys saltarius
Ctenomys scagliai,no,Ctenomys scagliai
Ctenomys sericeus,no,Ctenomys sericeus
Ctenomys sociabilis,no,Ctenomys sociabilis
Ctenomys steinbachi,no,Ctenomys steinbachi
Ctenomys talarum,no,Ctenomys talarum
Ctenomys torquatus,no,Ctenomys torquatus
Ctenomys tuconax,no,Ctenomys tuconax
Ctenomys tucumanus,no,Ctenomys tucumanus
Ctenomys tulduco,no,Ctenomys tulduco
Ctenomys validus,no,Ctenomys validus
Ctenomys viperinus,no,Ctenomys viperinus
Ctenomys yolandae,no,Ctenomys yolandae
Cuniculus paca,no,Cuniculus paca
Cuniculus taczanowskii,no,Cuniculus taczanowskii
Cuscomys ashaninka,no,Cuscomys ashaninka
Cuscomys oblativa,no,Cuscomys oblativa
Cynomys gunnisoni,no,Cynomys gunnisoni
Cynomys leucurus,no,Cynomys leucurus
Cynomys ludovicianus,no,Cynomys ludovicianus
Cynomys mexicanus,no,Cynomys mexicanus
Cynomys parvidens,no,Cynomys parvidens
Dacnomys millardi,no,Dacnomys millardi
Dactylomys boliviensis,no,Dactylomys boliviensis
Dactylomys dactylinus,no,Dactylomys dactylinus
Dactylomys peruanus,no,Dactylomys peruanus
Dasymys foxi,no,Dasymys foxi
Dasymys incomtus,no,Dasymys incomtus
Delanymys brooksi,no,Delanymys brooksi
Dipodomys agilis,no,Dipodomys agilis
Dipodomys californicus,no,Dipodomys californicus
Dipodomys compactus,no,Dipodomys compactus
Dipodomys deserti,no,Dipodomys deserti
Dipodomys elator,no,Dipodomys elator
Dipodomys gravipes,no,Dipodomys gravipes
Dipodomys heermanni,no,Dipodomys heermanni
Dipodomys ingens,no,Dipodomys ingens
Dipodomys merriami,no,Dipodomys merriami
Dipodomys microps,no,Dipodomys microps
Dipodomys nelsoni,no,Dipodomys nelsoni
Dipodomys nitratoides,no,Dipodomys nitratoides
Dipodomys ordii,no,Dipodomys ordii
Dipodomys panamintinus,no,Dipodomys panamintinus
Dipodomys phillipsii,no,Dipodomys phillipsii
Dipodomys simulans,no,Dipodomys simulans
Dipodomys spectabilis,no,Dipodomys spectabilis
Dipodomys stephensi,no,Dipodomys stephensi
Dipodomys venustus,no,Dipodomys venustus
Dipus sagitta,no,Dipus sagitta
Dolichotis patagonum,no,Dolichotis patagonum
Dolichotis salinicola,no,Dolichotis salinicola
Dremomys everetti,no,Dremomys everetti
Dremomys gularis,no,Dremomys gularis
Dremomys lokriah,no,Dremomys lokriah
Dremomys pernyi,no,Dremomys pernyi
Dremomys pyrrhomerus,no,Dremomys pyrrhomerus
Dremomys rufigenis,no,Dremomys rufigenis
Dryomys laniger,no,Dryomys laniger
Dryomys niethammeri,no,Dryomys niethammeri
Dryomys nitedula,no,Dryomys nitedula
Echimys chrysurus,no,Echimys chrysurus
Echimys saturnus,no,Echimys saturnus
Echiothrix centrosa,no,Echiothrix centrosa
Echiothrix leucura,no,Echiothrix leucura
Eoglaucomys fimbriatus,no,Eoglaucomys fimbriatus
Eolagurus luteus,no,Eolagurus luteus
Eolagurus przewalskii,no,Eolagurus przewalskii
Eospalax fontanierii,no,Eospalax fontanierii
Eospalax rothschildi,no,Eospalax rothschildi
Eospalax smithii,no,Eospalax smithii
Eothenomys cachinus,no,Eothenomys cachinus
Eothenomys chinensis,no,Eothenomys chinensis
Eothenomys custos,no,Eothenomys custos
Eothenomys melanogaster,no,Eothenomys melanogaster
Eothenomys miletus,no,Eothenomys miletus
Eothenomys olitor,no,Eothenomys olitor
Eothenomys proditor,no,Eothenomys proditor
Eothenomys wardi,no,Eothenomys wardi
Eozapus setchuanus,no,Eozapus setchuanus
Epixerus ebii,no,Epixerus ebii
Geocapromys brownii,no,Geocapromys brownii
Geocapromys ingrahami,no,Geocapromys ingrahami
Geomys arenarius,no,Geomys arenarius
Geomys attwateri,no,Geomys attwateri
Geomys breviceps,no,Geomys breviceps
Geomys bursarius,no,Geomys bursarius
Geomys knoxjonesi,no,Geomys knoxjonesi
Geomys personatus,no,Geomys personatus
Geomys pinetis,no,Geomys pinetis
Geomys texensis,no,Geomys texensis
Geomys tropicalis,no,Geomys tropicalis
Georychus capensis,no,Georychus capensis
Geoxus valdivianus,no,Geoxus valdivianus
Gerbilliscus afra,no,Gerbilliscus afra
Gerbilliscus boehmi,no,Gerbilliscus boehmi
Gerbilliscus brantsii,no,Gerbilliscus brantsii
Gerbilliscus guineae,no,Gerbilliscus guineae
Gerbilliscus inclusus,no,Gerbilliscus inclusus
Gerbilliscus kempi,no,Gerbilliscus kempi
Gerbilliscus leucogaster,no,Gerbilliscus leucogaster
Gerbilliscus nigricaudus,no,Gerbilliscus nigricaudus
Gerbilliscus phillipsi,no,Gerbilliscus phillipsi
Gerbilliscus robustus,no,Gerbilliscus robustus
Gerbilliscus validus,no,Gerbilliscus validus
Gerbillurus paeba,no,Gerbillurus paeba
Gerbillurus setzeri,no,Gerbillurus setzeri
Gerbillurus tytonis,no,Gerbillurus tytonis
Gerbillurus vallinus,no,Gerbillurus vallinus
Gerbillus acticola,no,Gerbillus acticola
Gerbillus amoenus,no,Gerbillus amoenus
Gerbillus andersoni,no,Gerbillus andersoni
Gerbillus aquilus,no,Gerbillus aquilus
Gerbillus brockmani,no,Gerbillus brockmani
Gerbillus cheesmani,no,Gerbillus cheesmani
Gerbillus dunni,no,Gerbillus dunni
Gerbillus famulus,no,Gerbillus famulus
Gerbillus floweri,no,Gerbillus floweri
Euchoreutes naso,no,Euchoreutes naso
Exilisciurus exilis,no,Exilisciurus exilis
Exilisciurus whiteheadi,no,Exilisciurus whiteheadi
Graphiurus ocularis,no,Graphiurus ocularis
Graphiurus platyops,no,Graphiurus platyops
Graphiurus rupicola,no,Graphiurus rupicola
Graphiurus surdus,no,Graphiurus surdus
Gymnuromys roberti,no,Gymnuromys roberti
Habromys chinanteco,no,Habromys chinanteco
Habromys delicatulus,no,Habromys delicatulus
Habromys ixtlani,no,Habromys ixtlani
Habromys lepturus,no,Habromys lepturus
Habromys lophurus,no,Habromys lophurus
Habromys simulatus,no,Habromys simulatus
Hadromys humei,no,Hadromys humei
Hadromys yunnanensis,no,Hadromys yunnanensis
Haeromys margarettae,no,Haeromys margarettae
Haeromys minahassae,no,Haeromys minahassae
Haeromys pusillus,no,Haeromys pusillus
Handleyomys fuscatus,no,Handleyomys fuscatus
Handleyomys intectus,no,Handleyomys intectus
Hapalomys delacouri,no,Hapalomys delacouri
Hapalomys longicaudatus,no,Hapalomys longicaudatus
Heimyscus fumosus,no,Heimyscus fumosus
Heliophobius argenteocinereus,no,Heliophobius argenteocinereus
Felovia vae,no,Felovia vae
Funambulus layardi,no,Funambulus layardi
Funambulus palmarum,no,Funambulus palmarum
Funambulus pennantii,no,Funambulus pennantii
Funambulus sublineatus,no,Funambulus sublineatus
Funambulus tristriatus,no,Funambulus tristriatus
Funisciurus anerythrus,no,Funisciurus anerythrus
Funisciurus bayonii,no,Funisciurus bayonii
Funisciurus carruthersi,no,Funisciurus carruthersi
Funisciurus congicus,no,Funisciurus congicus
Funisciurus isabella,no,Funisciurus isabella
Funisciurus lemniscatus,no,Funisciurus lemniscatus
Funisciurus leucogenys,no,Funisciurus leucogenys
Funisciurus pyrropus,no,Funisciurus pyrropus
Funisciurus substriatus,no,Funisciurus substriatus
Gerbillus henleyi,no,Gerbillus henleyi
Gerbillus hesperinus,no,Gerbillus hesperinus
Gerbillus hoogstraali,no,Gerbillus hoogstraali
Gerbillus latastei,no,Gerbillus latastei
Gerbillus mesopotamiae,no,Gerbillus mesopotamiae
Gerbillus muriculus,no,Gerbillus muriculus
Gerbillus nancillus,no,Gerbillus nancillus
Gerbillus nanus,no,Gerbillus nanus
Gerbillus nigeriae,no,Gerbillus nigeriae
Gerbillus occiduus,no,Gerbillus occiduus
Gerbillus perpallidus,no,Gerbillus perpallidus
Gerbillus poecilops,no,Gerbillus poecilops
Gerbillus principulus,no,Gerbillus principulus
Gerbillus pulvinatus,no,Gerbillus pulvinatus
Gerbillus pusillus,no,Gerbillus pusillus
Gerbillus pyramidum,no,Gerbillus pyramidum
Gerbillus rosalinda,no,Gerbillus rosalinda
Gerbillus tarabuli,no,Gerbillus tarabuli
Gerbillus watersi,no,Gerbillus watersi
Glaucomys sabrinus,no,Glaucomys sabrinus
Glaucomys volans,no,Glaucomys volans
Glirulus japonicus,no,Glirulus japonicus
Glis glis,no,Glis glis
Glyphotes simus,no,Glyphotes simus
Golunda ellioti,no,Golunda ellioti
Grammomys gigas,no,Grammomys gigas
Grammomys ibeanus,no,Grammomys ibeanus
Grammomys kuru,no,Grammomys kuru
Grammomys macmillani,no,Grammomys macmillani
Grammomys minnae,no,Grammomys minnae
Graomys domorum,no,Graomys domorum
Graomys edithae,no,Graomys edithae
Graomys griseoflavus,no,Graomys griseoflavus
Graphiurus angolensis,no,Graphiurus angolensis
Graphiurus christyi,no,Graphiurus christyi
Graphiurus crassicaudatus,no,Graphiurus crassicaudatus
Graphiurus johnstoni,no,Graphiurus johnstoni
Graphiurus kelleni,no,Graphiurus kelleni
Graphiurus lorraineus,no,Graphiurus lorraineus
Graphiurus microtis,no,Graphiurus microtis
Graphiurus monardi,no,Graphiurus monardi
Graphiurus murinus,no,Graphiurus murinus
Graphiurus nagtglasii,no,Graphiurus nagtglasii
Grammomys aridulus,no,Grammomys aridulus
Grammomys buntingi,no,Grammomys buntingi
Grammomys caniceps,no,Grammomys caniceps
Grammomys cometes,no,Grammomys cometes
Grammomys dolichurus,no,Grammomys dolichurus
Isthmomys flavidus,no,Isthmomys flavidus
Isthmomys pirrensis,no,Isthmomys pirrensis
Jaculus blanfordi,no,Jaculus blanfordi
Jaculus jaculus,no,Jaculus jaculus
Jaculus orientalis,no,Jaculus orientalis
Juliomys pictipes,no,Juliomys pictipes
Juliomys rimofrons,no,Juliomys rimofrons
Juscelinomys huanchacae,no,Juscelinomys huanchacae
Kadarsanomys sodyi,no,Kadarsanomys sodyi
Kannabateomys amblyonyx,no,Kannabateomys amblyonyx
Grammomys dryas,no,Grammomys dryas
Heliosciurus gambianus,no,Heliosciurus gambianus
Heliosciurus mutabilis,no,Heliosciurus mutabilis
Heliosciurus punctatus,no,Heliosciurus punctatus
Heliosciurus rufobrachium,no,Heliosciurus rufobrachium
Heliosciurus ruwenzorii,no,Heliosciurus ruwenzorii
Heliosciurus undulatus,no,Heliosciurus undulatus
Hodomys alleni,no,Hodomys alleni
Holochilus brasiliensis,no,Holochilus brasiliensis
Holochilus chacarius,no,Holochilus chacarius
Holochilus sciureus,no,Holochilus sciureus
Hoplomys gymnurus,no,Hoplomys gymnurus
Hybomys badius,no,Hybomys badius
Hybomys basilii,no,Hybomys basilii
Hybomys lunaris,no,Hybomys lunaris
Hybomys planifrons,no,Hybomys planifrons
Hybomys trivirgatus,no,Hybomys trivirgatus
Hybomys univittatus,no,Hybomys univittatus
Hydrochoerus hydrochaeris,no,Hydrochoerus hydrochaeris
Hydrochoerus isthmius,no,Hydrochoerus isthmius
Hydromys chrysogaster,no,Hydromys chrysogaster
Hydromys hussoni,no,Hydromys hussoni
Hydromys neobritannicus,no,Hydromys neobritannicus
Heteromys gaumeri,no,Heteromys gaumeri
Heteromys nelsoni,no,Heteromys nelsoni
Heteromys oasicus,no,Heteromys oasicus
Heteromys oresterus,no,Heteromys oresterus
Heteromys teleus,no,Heteromys teleus
Lariscus hosei,no,Lariscus hosei
Lariscus insignis,no,Lariscus insignis
Lariscus niobe,no,Lariscus niobe
Lariscus obscurus,no,Lariscus obscurus
Leggadina forresti,no,Leggadina forresti
Leggadina lakedownensis,no,Leggadina lakedownensis
Leimacomys buettneri,no,Leimacomys buettneri
Lemmiscus curtatus,no,Lemmiscus curtatus
Margaretamys elegans,no,Margaretamys elegans
Margaretamys parvus,no,Margaretamys parvus
Hylomyscus aeta,no,Hylomyscus aeta
Hylomyscus alleni,no,Hylomyscus alleni
Hylomyscus baeri,no,Hylomyscus baeri
Hylomyscus carillus,no,Hylomyscus carillus
Hylomyscus denniae,no,Hylomyscus denniae
Hylomyscus grandis,no,Hylomyscus grandis
Hylomyscus parvus,no,Hylomyscus parvus
Hylomyscus stella,no,Hylomyscus stella
Hylopetes alboniger,no,Hylopetes alboniger
Hylopetes bartelsi,no,Hylopetes bartelsi
Hylopetes nigripes,no,Hylopetes nigripes
Hylopetes phayrei,no,Hylopetes phayrei
Hylopetes platyurus,no,Hylopetes platyurus
Hylopetes sipora,no,Hylopetes sipora
Hylopetes spadiceus,no,Hylopetes spadiceus
Hylopetes winstoni,no,Hylopetes winstoni
Hyomys dammermani,no,Hyomys dammermani
Hyomys goliath,no,Hyomys goliath
Hyosciurus heinrichi,no,Hyosciurus heinrichi
Hyosciurus ileile,no,Hyosciurus ileile
Hyperacrius fertilis,no,Hyperacrius fertilis
Hyperacrius wynnei,no,Hyperacrius wynnei
Hypogeomys antimena,no,Hypogeomys antimena
Hystrix africaeaustralis,no,Hystrix africaeaustralis
Hystrix brachyura,no,Hystrix brachyura
Hystrix crassispinis,no,Hystrix crassispinis
Hystrix cristata,no,Hystrix cristata
Hystrix indica,no,Hystrix indica
Hystrix javanica,no,Hystrix javanica
Hystrix pumila,no,Hystrix pumila
Hystrix sumatrae,no,Hystrix sumatrae
Ichthyomys hydrobates,no,Ichthyomys hydrobates
Ichthyomys pittieri,no,Ichthyomys pittieri
Ichthyomys stolzmanni,no,Ichthyomys stolzmanni
Ichthyomys tweedii,no,Ichthyomys tweedii
Idiurus macrotis,no,Idiurus macrotis
Idiurus zenkeri,no,Idiurus zenkeri
Iomys horsfieldii,no,Iomys horsfieldii
Iomys sipora,no,Iomys sipora
Irenomys tarsalis,no,Irenomys tarsalis
Isothrix bistriata,no,Isothrix bistriata
Isothrix negrensis,no,Isothrix negrensis
Isothrix pagurus,no,Isothrix pagurus
Isothrix sinnamariensis,no,Isothrix sinnamariensis
Kerodon acrobata,no,Kerodon acrobata
Kerodon rupestris,no,Kerodon rupestris
Komodomys rintjanus,no,Komodomys rintjanus
Kunsia tomentosus,no,Kunsia tomentosus
Lagidium viscacia,no,Lagidium viscacia
Lagidium wolffsohni,no,Lagidium wolffsohni
Margaretamys beccarii,no,Margaretamys beccarii
Meriones meridianus,no,Meriones meridianus
Meriones persicus,no,Meriones persicus
Meriones rex,no,Meriones rex
Meriones sacramenti,no,Meriones sacramenti
Meriones shawi,no,Meriones shawi
Meriones tamariscinus,no,Meriones tamariscinus
Meriones tristrami,no,Meriones tristrami
Meriones unguiculatus,no,Meriones unguiculatus
Meriones vinogradovi,no,Meriones vinogradovi
Meriones zarudnyi,no,Meriones zarudnyi
Mesembriomys gouldii,no,Mesembriomys gouldii
Mesembriomys macrurus,no,Mesembriomys macrurus
Melanomys caliginosus,no,Melanomys caliginosus
Melanomys robustulus,no,Melanomys robustulus
Melanomys zunigae,no,Melanomys zunigae
Melasmothrix naso,no,Melasmothrix naso
Monticolomys koopmani,no,Monticolomys koopmani
Marmota baibacina,no,Marmota baibacina
Marmota bobak,no,Marmota bobak
Marmota broweri,no,Marmota broweri
Marmota caligata,no,Marmota caligata
Marmota camtschatica,no,Marmota camtschatica
Marmota caudata,no,Marmota caudata
Marmota flaviventris,no,Marmota flaviventris
Marmota himalayana,no,Marmota himalayana
Marmota marmota,no,Marmota marmota
Marmota menzbieri,no,Marmota menzbieri
Marmota monax,no,Marmota monax
Marmota olympus,no,Marmota olympus
Marmota sibirica,no,Marmota sibirica
Lemmus amurensis,no,Lemmus amurensis
Lemmus lemmus,no,Lemmus lemmus
Lemmus portenkoi,no,Lemmus portenkoi
Lemmus sibiricus,no,Lemmus sibiricus
Lemmus trimucronatus,no,Lemmus trimucronatus
Lemniscomys barbarus,no,Lemniscomys barbarus
Lemniscomys bellieri,no,Lemniscomys bellieri
Lemniscomys griselda,no,Lemniscomys griselda
Lemniscomys hoogstraali,no,Lemniscomys hoogstraali
Lasiopodomys brandtii,no,Lasiopodomys brandtii
Lasiopodomys fuscus,no,Lasiopodomys fuscus
Lasiopodomys mandarinus,no,Lasiopodomys mandarinus
Lemniscomys linulus,no,Lemniscomys linulus
Lemniscomys macculus,no,Lemniscomys macculus
Lemniscomys mittendorfi,no,Lemniscomys mittendorfi
Lemniscomys rosalia,no,Lemniscomys rosalia
Lemniscomys roseveari,no,Lemniscomys roseveari
Lemniscomys striatus,no,Lemniscomys striatus
Lemniscomys zebra,no,Lemniscomys zebra
Lenomys meyeri,no,Lenomys meyeri
Lenothrix canus,no,Lenothrix canus
Lenoxus apicalis,no,Lenoxus apicalis
Leopoldamys ciliatus,no,Leopoldamys ciliatus
Leopoldamys edwardsi,no,Leopoldamys edwardsi
Leopoldamys milleti,no,Leopoldamys milleti
Leopoldamys neilli,no,Leopoldamys neilli
Leopoldamys sabanus,no,Leopoldamys sabanus
Leopoldamys siporanus,no,Leopoldamys siporanus
Leporillus apicalis,no,Leporillus apicalis
Leporillus conditor,no,Leporillus conditor
Leptomys elegans,no,Leptomys elegans
Leptomys ernstmayri,no,Leptomys ernstmayri
Leptomys signatus,no,Leptomys signatus
Limnomys bryophilus,no,Limnomys bryophilus
Limnomys sibuanus,no,Limnomys sibuanus
Lonchothrix emiliae,no,Lonchothrix emiliae
Lophiomys imhausi,no,Lophiomys imhausi
Lophuromys brevicaudus,no,Lophuromys brevicaudus
Lophuromys chrysopus,no,Lophuromys chrysopus
Lophuromys dieterleni,no,Lophuromys dieterleni
Lophuromys eisentrauti,no,Lophuromys eisentrauti
Lophuromys flavopunctatus,no,Lophuromys flavopunctatus
Lophuromys huttereri,no,Lophuromys huttereri
Lophuromys luteogaster,no,Lophuromys luteogaster
Lophuromys medicaudatus,no,Lophuromys medicaudatus
Lophuromys melanonyx,no,Lophuromys melanonyx
Lophuromys nudicaudus,no,Lophuromys nudicaudus
Lophuromys rahmi,no,Lophuromys rahmi
Lophuromys roseveari,no,Lophuromys roseveari
Lophuromys sikapusi,no,Lophuromys sikapusi
Lophuromys woosnami,no,Lophuromys woosnami
Lorentzimys nouhuysi,no,Lorentzimys nouhuysi
Loxodontomys micropus,no,Loxodontomys micropus
Loxodontomys pikumche,no,Loxodontomys pikumche
Lundomys molitor,no,Lundomys molitor
Meriones dahli,no,Meriones dahli
Meriones grandis,no,Meriones grandis
Meriones hurrianae,no,Meriones hurrianae
Meriones libycus,no,Meriones libycus
Mesocapromys angelcabrerai,no,Mesocapromys angelcabrerai
Mesocapromys auritus,no,Mesocapromys auritus
Mesocapromys nanus,no,Mesocapromys nanus
Mesocapromys sanfelipensis,no,Mesocapromys sanfelipensis
Mesocricetus auratus,no,Mesocricetus auratus
Mesocricetus brandti,no,Mesocricetus brandti
Mesocricetus newtoni,no,Mesocricetus newtoni
Mesocricetus raddei,no,Mesocricetus raddei
Mesomys hispidus,no,Mesomys hispidus
Mesomys leniceps,no,Mesomys leniceps
Mesomys occultus,no,Mesomys occultus
Mesomys stimulax,no,Mesomys stimulax
Macrotarsomys bastardi,no,Macrotarsomys bastardi
Macrotarsomys ingens,no,Macrotarsomys ingens
Macruromys elegans,no,Macruromys elegans
Macruromys major,no,Macruromys major
Madromys blanfordi,no,Madromys blanfordi
Makalata didelphoides,no,Makalata didelphoides
Makalata macrura,no,Makalata macrura
Malacomys cansdalei,no,Malacomys cansdalei
Malacomys edwardsi,no,Malacomys edwardsi
Malacomys longipes,no,Malacomys longipes
Malacothrix typica,no,Malacothrix typica
Mallomys aroaensis,no,Mallomys aroaensis
Mallomys gunung,no,Mallomys gunung
Mallomys istapantap,no,Mallomys istapantap
Mallomys rothschildi,no,Mallomys rothschildi
Mammelomys lanosus,no,Mammelomys lanosus
Mammelomys rattoides,no,Mammelomys rattoides
Marmota vancouverensis,no,Marmota vancouverensis
Massoutiera mzabi,no,Massoutiera mzabi
Mastacomys fuscus,no,Mastacomys fuscus
Mastomys awashensis,no,Mastomys awashensis
Mastomys coucha,no,Mastomys coucha
Mastomys erythroleucus,no,Mastomys erythroleucus
Mastomys huberti,no,Mastomys huberti
Mastomys kollmannspergeri,no,Mastomys kollmannspergeri
Mastomys natalensis,no,Mastomys natalensis
Mastomys pernanus,no,Mastomys pernanus
Mastomys shortridgei,no,Mastomys shortridgei
Maxomys alticola,no,Maxomys alticola
Maxomys baeodon,no,Maxomys baeodon
Maxomys bartelsii,no,Maxomys bartelsii
Maxomys dollmani,no,Maxomys dollmani
Maxomys hellwaldii,no,Maxomys hellwaldii
Maxomys hylomyoides,no,Maxomys hylomyoides
Maxomys inas,no,Maxomys inas
Maxomys inflatus,no,Maxomys inflatus
Maxomys moi,no,Maxomys moi
Maxomys musschenbroekii,no,Maxomys musschenbroekii
Maxomys ochraceiventer,no,Maxomys ochraceiventer
Maxomys pagensis,no,Maxomys pagensis
Maxomys panglima,no,Maxomys panglima
Maxomys rajah,no,Maxomys rajah
Maxomys surifer,no,Maxomys surifer
Maxomys wattsi,no,Maxomys wattsi
Maxomys whiteheadi,no,Maxomys whiteheadi
Megadendromus nikolausi,no,Megadendromus nikolausi
Megadontomys cryophilus,no,Megadontomys cryophilus
Megadontomys nelsoni,no,Megadontomys nelsoni
Megadontomys thomasi,no,Megadontomys thomasi
Melomys aerosus,no,Melomys aerosus
Melomys arcium,no,Melomys arcium
Melomys bannisteri,no,Melomys bannisteri
Melomys bougainville,no,Melomys bougainville
Melomys burtoni,no,Melomys burtoni
Melomys capensis,no,Melomys capensis
Melomys caurinus,no,Melomys caurinus
Melomys cervinipes,no,Melomys cervinipes
Melomys cooperae,no,Melomys cooperae
Melomys dollmani,no,Melomys dollmani
Melomys fraterculus,no,Melomys fraterculus
Melomys frigicola,no,Melomys frigicola
Melomys fulgens,no,Melomys fulgens
Melomys howi,no,Melomys howi
Melomys leucogaster,no,Melomys leucogaster
Melomys lutillus,no,Melomys lutillus
Melomys matambuai,no,Melomys matambuai
Melomys obiensis,no,Melomys obiensis
Melomys paveli,no,Melomys paveli
Melomys rubicola,no,Melomys rubicola
Melomys rufescens,no,Melomys rufescens
Melomys talaudium,no,Melomys talaudium
Menetes berdmorei,no,Menetes berdmorei
Meriones arimalius,no,Meriones arimalius
Meriones chengi,no,Meriones chengi
Meriones crassus,no,Meriones crassus
Microtus lusitanicus,no,Microtus lusitanicus
Microtus majori,no,Microtus majori
Microtus maximowiczii,no,Microtus maximowiczii
Microtus mexicanus,no,Microtus mexicanus
Microtus middendorffii,no,Microtus middendorffii
Microtus miurus,no,Microtus miurus
Microtus mongolicus,no,Microtus mongolicus
Microtus montanus,no,Microtus montanus
Microtus montebelli,no,Microtus montebelli
Microtus mujanensis,no,Microtus mujanensis
Microtus multiplex,no,Microtus multiplex
Microtus oaxacensis,no,Microtus oaxacensis
Microtus ochrogaster,no,Microtus ochrogaster
Microtus oeconomus,no,Microtus oeconomus
Microtus oregoni,no,Microtus oregoni
Microtus paradoxus,no,Microtus paradoxus
Microtus pennsylvanicus,no,Microtus pennsylvanicus
Microtus pinetorum,no,Microtus pinetorum
Microtus qazvinensis,no,Microtus qazvinensis
Microtus quasiater,no,Microtus quasiater
Microtus richardsoni,no,Microtus richardsoni
Microtus sachalinensis,no,Microtus sachalinensis
Microtus savii,no,Microtus savii
Microtus schelkovnikovi,no,Microtus schelkovnikovi
Microtus schidlovskii,no,Microtus schidlovskii
Microtus socialis,no,Microtus socialis
Microtus subterraneus,no,Microtus subterraneus
Microtus tatricus,no,Microtus tatricus
Microtus thomasi,no,Microtus thomasi
Microtus townsendii,no,Microtus townsendii
Microtus transcaspicus,no,Microtus transcaspicus
Microtus umbrosus,no,Microtus umbrosus
Microtus xanthognathus,no,Microtus xanthognathus
Millardia gleadowi,no,Millardia gleadowi
Millardia kathleenae,no,Millardia kathleenae
Millardia kondana,no,Millardia kondana
Millardia meltada,no,Millardia meltada
Necromys punctulatus,no,Necromys punctulatus
Necromys temchuki,no,Necromys temchuki
Necromys urichi,no,Necromys urichi
Nectomys apicalis,no,Nectomys apicalis
Nectomys palmipes,no,Nectomys palmipes
Nectomys rattus,no,Nectomys rattus
Nectomys squamipes,no,Nectomys squamipes
Muriculus imberbis,no,Muriculus imberbis
Micaelamys granti,no,Micaelamys granti
Micaelamys namaquensis,no,Micaelamys namaquensis
Microakodontomys transitorius,no,Microakodontomys transitorius
Microcavia australis,no,Microcavia australis
Microcavia niata,no,Microcavia niata
Microcavia shiptoni,no,Microcavia shiptoni
Microdillus peeli,no,Microdillus peeli
Microdipodops megacephalus,no,Microdipodops megacephalus
Microdipodops pallidus,no,Microdipodops pallidus
Microhydromys richardsoni,no,Microhydromys richardsoni
Micromys minutus,no,Micromys minutus
Microryzomys altissimus,no,Microryzomys altissimus
Microryzomys minutus,no,Microryzomys minutus
Microsciurus alfari,no,Microsciurus alfari
Microsciurus flaviventer,no,Microsciurus flaviventer
Microsciurus mimulus,no,Microsciurus mimulus
Microsciurus santanderensis,no,Microsciurus santanderensis
Microtus abbreviatus,no,Microtus abbreviatus
Microtus agrestis,no,Microtus agrestis
Microtus anatolicus,no,Microtus anatolicus
Microtus arvalis,no,Microtus arvalis
Microtus bavaricus,no,Microtus bavaricus
Microtus brachycercus,no,Microtus brachycercus
Microtus breweri,no,Microtus breweri
Microtus cabrerae,no,Microtus cabrerae
Microtus californicus,no,Microtus californicus
Microtus canicaudus,no,Microtus canicaudus
Microtus chrotorrhinus,no,Microtus chrotorrhinus
Microtus clarkei,no,Microtus clarkei
Microtus daghestanicus,no,Microtus daghestanicus
Microtus dogramacii,no,Microtus dogramacii
Mysateles prehensilis,no,Mysateles prehensilis
Mystromys albicaudatus,no,Mystromys albicaudatus
Microtus duodecimcostatus,no,Microtus duodecimcostatus
Microtus evoronensis,no,Microtus evoronensis
Microtus felteni,no,Microtus felteni
Microtus fortis,no,Microtus fortis
Microtus gerbei,no,Microtus gerbei
Microtus gregalis,no,Microtus gregalis
Microtus guatemalensis,no,Microtus guatemalensis
Microtus guentheri,no,Microtus guentheri
Microtus ilaeus,no,Microtus ilaeus
Microtus irani,no,Microtus irani
Microtus kikuchii,no,Microtus kikuchii
Microtus levis,no,Microtus levis
Microtus liechtensteini,no,Microtus liechtensteini
Microtus limnophilus,no,Microtus limnophilus
Microtus longicaudus,no,Microtus longicaudus
Mus baoulei,no,Mus baoulei
Mus booduga,no,Mus booduga
Mus bufo,no,Mus bufo
Mus callewaerti,no,Mus callewaerti
Mus caroli,no,Mus caroli
Mus cervicolor,no,Mus cervicolor
Mus cookii,no,Mus cookii
Mus crociduroides,no,Mus crociduroides
Mus famulus,no,Mus famulus
Mus fernandoni,no,Mus fernandoni
Mus fragilicauda,no,Mus fragilicauda
Mus goundae,no,Mus goundae
Mus haussa,no,Mus haussa
Mus indutus,no,Mus indutus
Mus macedonicus,no,Mus macedonicus
Mus mahomet,no,Mus mahomet
Mus mattheyi,no,Mus mattheyi
Mus mayori,no,Mus mayori
Mus minutoides,no,Mus minutoides
Mus musculoides,no,Mus musculoides
Mus musculus,no,Mus musculus
Mus neavei,no,Mus neavei
Mus oubanguii,no,Mus oubanguii
Mus pahari,no,Mus pahari
Mus phillipsi,no,Mus phillipsi
Mus platythrix,no,Mus platythrix
Mus saxicola,no,Mus saxicola
Mus setulosus,no,Mus setulosus
Mus setzeri,no,Mus setzeri
Mus shortridgei,no,Mus shortridgei
Mus sorella,no,Mus sorella
Mus spicilegus,no,Mus spicilegus
Mus spretus,no,Mus spretus
Mus tenellus,no,Mus tenellus
Mus terricolor,no,Mus terricolor
Mus triton,no,Mus triton
Mus vulcani,no,Mus vulcani
Muscardinus avellanarius,no,Muscardinus avellanarius
Mylomys dybowskii,no,Mylomys dybowskii
Mylomys rex,no,Mylomys rex
Myocastor coypus,no,Myocastor coypus
Myodes andersoni,no,Myodes andersoni
Myodes californicus,no,Myodes californicus
Myodes centralis,no,Myodes centralis
Myodes gapperi,no,Myodes gapperi
Myodes glareolus,no,Myodes glareolus
Myodes regulus,no,Myodes regulus
Myodes rex,no,Myodes rex
Myodes rufocanus,no,Myodes rufocanus
Myodes rutilus,no,Myodes rutilus
Myodes shanseius,no,Myodes shanseius
Myodes smithii,no,Myodes smithii
Myomimus personatus,no,Myomimus personatus
Myomimus roachi,no,Myomimus roachi
Myomimus setzeri,no,Myomimus setzeri
Myomyscus angolensis,no,Myomyscus angolensis
Myomyscus brockmani,no,Myomyscus brockmani
Myomyscus verreauxii,no,Myomyscus verreauxii
Myomyscus yemeni,no,Myomyscus yemeni
Myoprocta acouchy,no,Myoprocta acouchy
Myoprocta pratti,no,Myoprocta pratti
Myopus schisticolor,no,Myopus schisticolor
Myosciurus pumilio,no,Myosciurus pumilio
Myospalax aspalax,no,Myospalax aspalax
Myospalax myospalax,no,Myospalax myospalax
Myospalax psilurus,no,Myospalax psilurus
Nannosciurus melanotis,no,Nannosciurus melanotis
Napaeozapus insignis,no,Napaeozapus insignis
Neacomys dubosti,no,Neacomys dubosti
Neacomys guianae,no,Neacomys guianae
Neacomys minutus,no,Neacomys minutus
Neacomys musseri,no,Neacomys musseri
Neacomys paracou,no,Neacomys paracou
Neacomys pictus,no,Neacomys pictus
Neacomys spinosus,no,Neacomys spinosus
Neacomys tenuipes,no,Neacomys tenuipes
Necromys amoenus,no,Necromys amoenus
Necromys benefactus,no,Necromys benefactus
Necromys lactens,no,Necromys lactens
Necromys lasiurus,no,Necromys lasiurus
Necromys lenguarum,no,Necromys lenguarum
Necromys obscurus,no,Necromys obscurus
Nelsonia goldmani,no,Nelsonia goldmani
Nelsonia neotomodon,no,Nelsonia neotomodon
Neodon forresti,no,Neodon forresti
Neodon irene,no,Neodon irene
Neodon juldaschi,no,Neodon juldaschi
Neodon sikimensis,no,Neodon sikimensis
Neofiber alleni,no,Neofiber alleni
Neotoma albigula,no,Neotoma albigula
Neotoma angustapalata,no,Neotoma angustapalata
Neotoma bryanti,no,Neotoma bryanti
Neotoma chrysomelas,no,Neotoma chrysomelas
Neotoma cinerea,no,Neotoma cinerea
Neotoma devia,no,Neotoma devia
Neotoma floridana,no,Neotoma floridana
Neotoma fuscipes,no,Neotoma fuscipes
Neotoma goldmani,no,Neotoma goldmani
Neotoma lepida,no,Neotoma lepida
Neotoma leucodon,no,Neotoma leucodon
Neotoma macrotis,no,Neotoma macrotis
Neotoma magister,no,Neotoma magister
Neotoma mexicana,no,Neotoma mexicana
Pelomys campanae,no,Pelomys campanae
Pelomys fallax,no,Pelomys fallax
Pelomys hopkinsi,no,Pelomys hopkinsi
Pelomys isseli,no,Pelomys isseli
Pelomys minor,no,Pelomys minor
Oecomys concolor,no,Oecomys concolor
Oecomys flavicans,no,Oecomys flavicans
Oecomys mamorae,no,Oecomys mamorae
Oecomys paricola,no,Oecomys paricola
Oecomys phaeotis,no,Oecomys phaeotis
Oecomys rex,no,Oecomys rex
Oecomys roberti,no,Oecomys roberti
Oecomys rutilus,no,Oecomys rutilus
Oecomys speciosus,no,Oecomys speciosus
Oecomys superans,no,Oecomys superans
Oecomys trinitatis,no,Oecomys trinitatis
Oenomys hypoxanthus,no,Oenomys hypoxanthus
Oenomys ornatus,no,Oenomys ornatus
Olallamys albicauda,no,Olallamys albicauda
Olallamys edax,no,Olallamys edax
Oligoryzomys andinus,no,Oligoryzomys andinus
Oligoryzomys arenalis,no,Oligoryzomys arenalis
Oligoryzomys brendae,no,Oligoryzomys brendae
Oligoryzomys chacoensis,no,Oligoryzomys chacoensis
Oligoryzomys delticola,no,Oligoryzomys delticola
Oligoryzomys destructor,no,Oligoryzomys destructor
Oligoryzomys eliurus,no,Oligoryzomys eliurus
Oligoryzomys flavescens,no,Oligoryzomys flavescens
Oligoryzomys fornesi,no,Oligoryzomys fornesi
Oligoryzomys fulvescens,no,Oligoryzomys fulvescens
Oligoryzomys griseolus,no,Oligoryzomys griseolus
Oligoryzomys longicaudatus,no,Oligoryzomys longicaudatus
Oligoryzomys magellanicus,no,Oligoryzomys magellanicus
Oligoryzomys microtis,no,Oligoryzomys microtis
Oligoryzomys nigripes,no,Oligoryzomys nigripes
Oligoryzomys stramineus,no,Oligoryzomys stramineus
Oligoryzomys vegetus,no,Oligoryzomys vegetus
Ondatra zibethicus,no,Ondatra zibethicus
Onychomys arenicola,no,Onychomys arenicola
Oryzomys dimidiatus,no,Oryzomys dimidiatus
Oryzomys gorgasi,no,Oryzomys gorgasi
Oryzomys palustris,no,Oryzomys palustris
Neotoma micropus,no,Neotoma micropus
Neotoma nelsoni,no,Neotoma nelsoni
Neotoma palatina,no,Neotoma palatina
Neotoma phenax,no,Neotoma phenax
Neotoma stephensi,no,Neotoma stephensi
Neotomodon alstoni,no,Neotomodon alstoni
Neotomys ebriosus,no,Neotomys ebriosus
Nesokia bunnii,no,Nesokia bunnii
Nesokia indica,no,Nesokia indica
Nesomys audeberti,no,Nesomys audeberti
Nesomys lambertoni,no,Nesomys lambertoni
Nesomys rufus,no,Nesomys rufus
Nesoromys ceramicus,no,Nesoromys ceramicus
Nesoryzomys fernandinae,no,Nesoryzomys fernandinae
Nesoryzomys swarthi,no,Nesoryzomys swarthi
Neusticomys monticolus,no,Neusticomys monticolus
Neusticomys mussoi,no,Neusticomys mussoi
Neusticomys oyapocki,no,Neusticomys oyapocki
Neusticomys peruviensis,no,Neusticomys peruviensis
Neusticomys venezuelae,no,Neusticomys venezuelae
Nilopegamys plumbeus,no,Nilopegamys plumbeus
Niviventer andersoni,no,Niviventer andersoni
Niviventer brahma,no,Niviventer brahma
Niviventer cameroni,no,Niviventer cameroni
Niviventer confucianus,no,Niviventer confucianus
Niviventer coninga,no,Niviventer coninga
Niviventer cremoriventer,no,Niviventer cremoriventer
Niviventer culturatus,no,Niviventer culturatus
Niviventer eha,no,Niviventer eha
Niviventer excelsior,no,Niviventer excelsior
Niviventer fraternus,no,Niviventer fraternus
Niviventer fulvescens,no,Niviventer fulvescens
Niviventer hinpoon,no,Niviventer hinpoon
Niviventer langbianis,no,Niviventer langbianis
Niviventer lepturus,no,Niviventer lepturus
Niviventer niviventer,no,Niviventer niviventer
Niviventer rapit,no,Niviventer rapit
Niviventer tenaster,no,Niviventer tenaster
Notiomys edwardsii,no,Notiomys edwardsii
Notomys alexis,no,Notomys alexis
Notomys aquilo,no,Notomys aquilo
Notomys cervinus,no,Notomys cervinus
Notomys fuscus,no,Notomys fuscus
Notomys mitchellii,no,Notomys mitchellii
Nyctomys sumichrasti,no,Nyctomys sumichrasti
Ochrotomys nuttalli,no,Ochrotomys nuttalli
Octodon bridgesi,no,Octodon bridgesi
Octodon degus,no,Octodon degus
Octodon lunatus,no,Octodon lunatus
Octodon pacificus,no,Octodon pacificus
Octodontomys gliroides,no,Octodontomys gliroides
Octomys mimax,no,Octomys mimax
Oecomys auyantepui,no,Oecomys auyantepui
Oecomys bicolor,no,Oecomys bicolor
Oecomys catherinae,no,Oecomys catherinae
Oecomys cleberi,no,Oecomys cleberi
Onychomys leucogaster,no,Onychomys leucogaster
Onychomys torridus,no,Onychomys torridus
Orthogeomys cavator,no,Orthogeomys cavator
Orthogeomys cuniculus,no,Orthogeomys cuniculus
Orthogeomys grandis,no,Orthogeomys grandis
Orthogeomys heterodus,no,Orthogeomys heterodus
Orthogeomys hispidus,no,Orthogeomys hispidus
Orthogeomys underwoodi,no,Orthogeomys underwoodi
Oryzomys couesi,no,Oryzomys couesi
Osgoodomys banderanus,no,Osgoodomys banderanus
Otomys anchietae,no,Otomys anchietae
Otomys angoniensis,no,Otomys angoniensis
Otomys barbouri,no,Otomys barbouri
Otomys burtoni,no,Otomys burtoni
Otomys cuanzensis,no,Otomys cuanzensis
Otomys denti,no,Otomys denti
Otomys irroratus,no,Otomys irroratus
Otomys lacustris,no,Otomys lacustris
Otomys laminatus,no,Otomys laminatus
Otomys occidentalis,no,Otomys occidentalis
Otomys tropicalis,no,Otomys tropicalis
Otomys typus,no,Otomys typus
Otonyctomys hatti,no,Otonyctomys hatti
Ototylomys phyllotis,no,Ototylomys phyllotis
Oxymycterus amazonicus,no,Oxymycterus amazonicus
Oxymycterus angularis,no,Oxymycterus angularis
Oxymycterus caparoae,no,Oxymycterus caparoae
Oxymycterus dasytrichus,no,Oxymycterus dasytrichus
Oxymycterus delator,no,Oxymycterus delator
Oxymycterus hiska,no,Oxymycterus hiska
Oxymycterus hispidus,no,Oxymycterus hispidus
Oxymycterus hucucha,no,Oxymycterus hucucha
Oxymycterus inca,no,Oxymycterus inca
Oxymycterus josei,no,Oxymycterus josei
Oxymycterus nasutus,no,Oxymycterus nasutus
Oxymycterus paramensis,no,Oxymycterus paramensis
Oxymycterus quaestor,no,Oxymycterus quaestor
Oxymycterus roberti,no,Oxymycterus roberti
Oxymycterus rufus,no,Oxymycterus rufus
Pachyuromys duprasi,no,Pachyuromys duprasi
Palawanomys furvus,no,Palawanomys furvus
Phodopus campbelli,no,Phodopus campbelli
Phodopus roborovskii,no,Phodopus roborovskii
Phodopus sungorus,no,Phodopus sungorus
Phyllomys blainvillii,no,Phyllomys blainvillii
Phyllomys brasiliensis,no,Phyllomys brasiliensis
Phyllomys dasythrix,no,Phyllomys dasythrix
Papagomys armandvillei,no,Papagomys armandvillei
Pappogeomys bulleri,no,Pappogeomys bulleri
Paradipus ctenodactylus,no,Paradipus ctenodactylus
Parahydromys asper,no,Parahydromys asper
Paraleptomys rufilatus,no,Paraleptomys rufilatus
Paraleptomys wilhelmina,no,Paraleptomys wilhelmina
Paramelomys gressitti,no,Paramelomys gressitti
Paramelomys levipes,no,Paramelomys levipes
Paramelomys lorentzii,no,Paramelomys lorentzii
Paramelomys mollis,no,Paramelomys mollis
Paramelomys moncktoni,no,Paramelomys moncktoni
Paramelomys naso,no,Paramelomys naso
Paramelomys platyops,no,Paramelomys platyops
Paramelomys rubex,no,Paramelomys rubex
Paramelomys steini,no,Paramelomys steini
Paraxerus alexandri,no,Paraxerus alexandri
Paraxerus boehmi,no,Paraxerus boehmi
Paraxerus cepapi,no,Paraxerus cepapi
Paraxerus cooperi,no,Paraxerus cooperi
Paraxerus flavovittis,no,Paraxerus flavovittis
Paraxerus lucifer,no,Paraxerus lucifer
Paraxerus ochraceus,no,Paraxerus ochraceus
Paraxerus palliatus,no,Paraxerus palliatus
Paraxerus poensis,no,Paraxerus poensis
Paraxerus vexillarius,no,Paraxerus vexillarius
Paraxerus vincenti,no,Paraxerus vincenti
Parotomys brantsii,no,Parotomys brantsii
Parotomys littledalei,no,Parotomys littledalei
Paruromys dominator,no,Paruromys dominator
Paulamys naso,no,Paulamys naso
Pectinator spekei,no,Pectinator spekei
Pedetes capensis,no,Pedetes capensis
Pedetes surdaster,no,Pedetes surdaster
Perognathus amplus,no,Perognathus amplus
Perognathus fasciatus,no,Perognathus fasciatus
Perognathus flavescens,no,Perognathus flavescens
Perognathus flavus,no,Perognathus flavus
Perognathus inornatus,no,Perognathus inornatus
Perognathus longimembris,no,Perognathus longimembris
Perognathus merriami,no,Perognathus merriami
Perognathus parvus,no,Perognathus parvus
Peromyscus attwateri,no,Peromyscus attwateri
Peromyscus aztecus,no,Peromyscus aztecus
Peromyscus beatae,no,Peromyscus beatae
Peromyscus boylii,no,Peromyscus boylii
Peromyscus bullatus,no,Peromyscus bullatus
Peromyscus californicus,no,Peromyscus californicus
Peromyscus caniceps,no,Peromyscus caniceps
Peromyscus crinitus,no,Peromyscus crinitus
Peromyscus dickeyi,no,Peromyscus dickeyi
Peromyscus difficilis,no,Peromyscus difficilis
Peromyscus eremicus,no,Peromyscus eremicus
Peromyscus eva,no,Peromyscus eva
Peromyscus fraterculus,no,Peromyscus fraterculus
Peromyscus furvus,no,Peromyscus furvus
Peromyscus gossypinus,no,Peromyscus gossypinus
Peromyscus grandis,no,Peromyscus grandis
Peromyscus gratus,no,Peromyscus gratus
Peromyscus guardia,no,Peromyscus guardia
Peromyscus guatemalensis,no,Peromyscus guatemalensis
Peromyscus gymnotis,no,Peromyscus gymnotis
Peromyscus hooperi,no,Peromyscus hooperi
Peromyscus hylocetes,no,Peromyscus hylocetes
Peromyscus interparietalis,no,Peromyscus interparietalis
Peromyscus keeni,no,Peromyscus keeni
Peromyscus leucopus,no,Peromyscus leucopus
Peromyscus levipes,no,Peromyscus levipes
Peromyscus madrensis,no,Peromyscus madrensis
Peromyscus maniculatus,no,Peromyscus maniculatus
Peromyscus mayensis,no,Peromyscus mayensis
Peromyscus megalops,no,Peromyscus megalops
Peromyscus mekisturus,no,Peromyscus mekisturus
Peromyscus melanocarpus,no,Peromyscus melanocarpus
Peromyscus melanophrys,no,Peromyscus melanophrys
Peromyscus melanotis,no,Peromyscus melanotis
Peromyscus melanurus,no,Peromyscus melanurus
Peromyscus merriami,no,Peromyscus merriami
Peromyscus mexicanus,no,Peromyscus mexicanus
Peromyscus nasutus,no,Peromyscus nasutus
Peromyscus ochraventer,no,Peromyscus ochraventer
Peromyscus pectoralis,no,Peromyscus pectoralis
Peromyscus perfulvus,no,Peromyscus perfulvus
Peromyscus polionotus,no,Peromyscus polionotus
Peromyscus polius,no,Peromyscus polius
Peromyscus pseudocrinitus,no,Peromyscus pseudocrinitus
Peromyscus sagax,no,Peromyscus sagax
Peromyscus sejugis,no,Peromyscus sejugis
Peromyscus simulus,no,Peromyscus simulus
Peromyscus slevini,no,Peromyscus slevini
Peromyscus spicilegus,no,Peromyscus spicilegus
Peromyscus stephani,no,Peromyscus stephani
Peromyscus stirtoni,no,Peromyscus stirtoni
Peromyscus truei,no,Peromyscus truei
Peromyscus winkelmanni,no,Peromyscus winkelmanni
Peromyscus yucatanicus,no,Peromyscus yucatanicus
Peromyscus zarhynchus,no,Peromyscus zarhynchus
Petaurillus emiliae,no,Petaurillus emiliae
Petaurillus hosei,no,Petaurillus hosei
Petaurillus kinlochii,no,Petaurillus kinlochii
Petaurista alborufus,no,Petaurista alborufus
Petaurista elegans,no,Petaurista elegans
Petaurista leucogenys,no,Petaurista leucogenys
Petaurista magnificus,no,Petaurista magnificus
Petaurista nobilis,no,Petaurista nobilis
Petaurista petaurista,no,Petaurista petaurista
Petaurista philippensis,no,Petaurista philippensis
Petaurista xanthotis,no,Petaurista xanthotis
Petinomys crinitus,no,Petinomys crinitus
Petinomys fuscocapillus,no,Petinomys fuscocapillus
Petinomys genibarbis,no,Petinomys genibarbis
Petinomys hageni,no,Petinomys hageni
Petinomys lugens,no,Petinomys lugens
Petinomys mindanensis,no,Petinomys mindanensis
Petinomys setosus,no,Petinomys setosus
Petinomys vordermanni,no,Petinomys vordermanni
Petromus typicus,no,Petromus typicus
Petromyscus barbouri,no,Petromyscus barbouri
Petromyscus collinus,no,Petromyscus collinus
Petromyscus monticularis,no,Petromyscus monticularis
Petromyscus shortridgei,no,Petromyscus shortridgei
Phaenomys ferrugineus,no,Phaenomys ferrugineus
Phaiomys leucurus,no,Phaiomys leucurus
Phenacomys intermedius,no,Phenacomys intermedius
Phenacomys ungava,no,Phenacomys ungava
Phloeomys cumingi,no,Phloeomys cumingi
Phloeomys pallidus,no,Phloeomys pallidus
Phyllomys kerri,no,Phyllomys kerri
Phyllomys lamarum,no,Phyllomys lamarum
Phyllomys lundi,no,Phyllomys lundi
Phyllomys mantiqueirensis,no,Phyllomys mantiqueirensis
Phyllomys medius,no,Phyllomys medius
Phyllomys nigrispinus,no,Phyllomys nigrispinus
Phyllomys pattoni,no,Phyllomys pattoni
Phyllomys thomasi,no,Phyllomys thomasi
Phyllomys unicolor,no,Phyllomys unicolor
Proechimys brevicauda,no,Proechimys brevicauda
Proechimys canicollis,no,Proechimys canicollis
Proechimys chrysaeolus,no,Proechimys chrysaeolus
Proechimys cuvieri,no,Proechimys cuvieri
Proechimys decumanus,no,Proechimys decumanus
Proechimys echinothrix,no,Proechimys echinothrix
Proechimys gardneri,no,Proechimys gardneri
Proechimys goeldii,no,Proechimys goeldii
Proechimys guairae,no,Proechimys guairae
Proechimys guyannensis,no,Proechimys guyannensis
Proechimys hoplomyoides,no,Proechimys hoplomyoides
Proechimys kulinae,no,Proechimys kulinae
Proechimys longicaudatus,no,Proechimys longicaudatus
Proechimys mincae,no,Proechimys mincae
Proechimys oconnelli,no,Proechimys oconnelli
Proechimys pattoni,no,Proechimys pattoni
Proechimys quadruplicatus,no,Proechimys quadruplicatus
Proechimys roberti,no,Proechimys roberti
Proechimys semispinosus,no,Proechimys semispinosus
Proechimys simonsi,no,Proechimys simonsi
Proechimys steerei,no,Proechimys steerei
Proedromys bedfordi,no,Proedromys bedfordi
Prometheomys schaposchnikowi,no,Prometheomys schaposchnikowi
Prosciurillus abstrusus,no,Prosciurillus abstrusus
Prosciurillus leucomus,no,Prosciurillus leucomus
Prosciurillus murinus,no,Prosciurillus murinus
Prosciurillus rosenbergii,no,Prosciurillus rosenbergii
Prosciurillus weberi,no,Prosciurillus weberi
Phyllotis amicus,no,Phyllotis amicus
Phyllotis andium,no,Phyllotis andium
Phyllotis bonariensis,no,Phyllotis bonariensis
Phyllotis caprinus,no,Phyllotis caprinus
Pteromys momonga,no,Pteromys momonga
Pteromys volans,no,Pteromys volans
Pteromyscus pulverulentus,no,Pteromyscus pulverulentus
Rhombomys opimus,no,Rhombomys opimus
Rhynchomys isarogensis,no,Rhynchomys isarogensis
Rhynchomys soricoides,no,Rhynchomys soricoides
Phyllotis darwini,no,Phyllotis darwini
Phyllotis definitus,no,Phyllotis definitus
Phyllotis haggardi,no,Phyllotis haggardi
Phyllotis limatus,no,Phyllotis limatus
Phyllotis magister,no,Phyllotis magister
Phyllotis osgoodi,no,Phyllotis osgoodi
Phyllotis osilae,no,Phyllotis osilae
Phyllotis wolffsohni,no,Phyllotis wolffsohni
Phyllotis xanthopygus,no,Phyllotis xanthopygus
Pseudoryzomys simplex,no,Pseudoryzomys simplex
Pithecheir melanurus,no,Pithecheir melanurus
Pithecheir parvus,no,Pithecheir parvus
Pithecheirops otion,no,Pithecheirops otion
Plagiodontia aedium,no,Plagiodontia aedium
Platacanthomys lasiurus,no,Platacanthomys lasiurus
Podomys floridanus,no,Podomys floridanus
Podoxymys roraimae,no,Podoxymys roraimae
Pogonomelomys mayeri,no,Pogonomelomys mayeri
Pogonomys championi,no,Pogonomys championi
Pogonomys fergussoniensis,no,Pogonomys fergussoniensis
Pogonomys loriae,no,Pogonomys loriae
Pogonomys macrourus,no,Pogonomys macrourus
Pogonomys sylvestris,no,Pogonomys sylvestris
Praomys daltoni,no,Praomys daltoni
Praomys degraaffi,no,Praomys degraaffi
Praomys delectorum,no,Praomys delectorum
Praomys derooi,no,Praomys derooi
Praomys hartwigi,no,Praomys hartwigi
Praomys jacksoni,no,Praomys jacksoni
Praomys lukolelae,no,Praomys lukolelae
Praomys minor,no,Praomys minor
Praomys misonnei,no,Praomys misonnei
Praomys morio,no,Praomys morio
Praomys mutoni,no,Praomys mutoni
Praomys obscurus,no,Praomys obscurus
Praomys petteri,no,Praomys petteri
Praomys rostratus,no,Praomys rostratus
Praomys tullbergi,no,Praomys tullbergi
Praomys verschureni,no,Praomys verschureni
Prionomys batesi,no,Prionomys batesi
Protochromys fellowsi,no,Protochromys fellowsi
Protoxerus aubinnii,no,Protoxerus aubinnii
Protoxerus stangeri,no,Protoxerus stangeri
Psammomys obesus,no,Psammomys obesus
Psammomys vexillaris,no,Psammomys vexillaris
Pseudohydromys ellermani,no,Pseudohydromys ellermani
Pseudohydromys fuscus,no,Pseudohydromys fuscus
Pseudohydromys murinus,no,Pseudohydromys murinus
Pseudohydromys occidentalis,no,Pseudohydromys occidentalis
Pseudomys albocinereus,no,Pseudomys albocinereus
Pseudomys apodemoides,no,Pseudomys apodemoides
Pseudomys australis,no,Pseudomys australis
Pseudomys bolami,no,Pseudomys bolami
Pseudomys calabyi,no,Pseudomys calabyi
Pseudomys chapmani,no,Pseudomys chapmani
Pseudomys delicatulus,no,Pseudomys delicatulus
Pseudomys desertor,no,Pseudomys desertor
Pseudomys fieldi,no,Pseudomys fieldi
Pseudomys fumeus,no,Pseudomys fumeus
Pseudomys gracilicaudatus,no,Pseudomys gracilicaudatus
Pseudomys hermannsburgensis,no,Pseudomys hermannsburgensis
Pseudomys higginsi,no,Pseudomys higginsi
Pseudomys johnsoni,no,Pseudomys johnsoni
Pseudomys nanus,no,Pseudomys nanus
Pseudomys novaehollandiae,no,Pseudomys novaehollandiae
Pseudomys occidentalis,no,Pseudomys occidentalis
Pseudomys oralis,no,Pseudomys oralis
Pseudomys patrius,no,Pseudomys patrius
Pseudomys pilligaensis,no,Pseudomys pilligaensis
Pseudomys shortridgei,no,Pseudomys shortridgei
Punomys kofordi,no,Punomys kofordi
Punomys lemminus,no,Punomys lemminus
Rhizomys sumatrensis,no,Rhizomys sumatrensis
Rhipidomys macconnelli,no,Rhipidomys macconnelli
Rhipidomys macrurus,no,Rhipidomys macrurus
Rhipidomys mastacalis,no,Rhipidomys mastacalis
Rhipidomys modicus,no,Rhipidomys modicus
Rhipidomys nitela,no,Rhipidomys nitela
Pygeretmus platyurus,no,Pygeretmus platyurus
Pygeretmus pumilio,no,Pygeretmus pumilio
Rhipidomys wetzeli,no,Rhipidomys wetzeli
Rhizomys pruinosus,no,Rhizomys pruinosus
Rhizomys sinensis,no,Rhizomys sinensis
Rubrisciurus rubriventer,no,Rubrisciurus rubriventer
Rhipidomys ochrogaster,no,Rhipidomys ochrogaster
Rhipidomys venezuelae,no,Rhipidomys venezuelae
Rhipidomys venustus,no,Rhipidomys venustus
Saccostomus campestris,no,Saccostomus campestris
Saccostomus mearnsi,no,Saccostomus mearnsi
Rattus adustus,no,Rattus adustus
Rattus andamanensis,no,Rattus andamanensis
Rattus annandalei,no,Rattus annandalei
Rattus arfakiensis,no,Rattus arfakiensis
Rattus argentiventer,no,Rattus argentiventer
Rattus arrogans,no,Rattus arrogans
Rattus baluensis,no,Rattus baluensis
Rattus blangorum,no,Rattus blangorum
Rattus bontanus,no,Rattus bontanus
Rattus burrus,no,Rattus burrus
Rattus colletti,no,Rattus colletti
Rattus elaphinus,no,Rattus elaphinus
Rattus enganus,no,Rattus enganus
Rattus everetti,no,Rattus everetti
Rattus exulans,no,Rattus exulans
Rattus feliceus,no,Rattus feliceus
Rattus fuscipes,no,Rattus fuscipes
Rattus giluwensis,no,Rattus giluwensis
Rattus hainaldi,no,Rattus hainaldi
Rattus hoffmanni,no,Rattus hoffmanni
Rattus hoogerwerfi,no,Rattus hoogerwerfi
Rattus jobiensis,no,Rattus jobiensis
Rattus koopmani,no,Rattus koopmani
Rattus korinchi,no,Rattus korinchi
Rattus leucopus,no,Rattus leucopus
Rattus losea,no,Rattus losea
Rattus lugens,no,Rattus lugens
Rattus lutreolus,no,Rattus lutreolus
Rattus marmosurus,no,Rattus marmosurus
Rattus mindorensis,no,Rattus mindorensis
Rattus mollicomulus,no,Rattus mollicomulus
Rattus montanus,no,Rattus montanus
Rattus mordax,no,Rattus mordax
Rattus morotaiensis,no,Rattus morotaiensis
Rattus niobe,no,Rattus niobe
Rattus nitidus,no,Rattus nitidus
Rattus norvegicus,no,Rattus norvegicus
Rattus novaeguineae,no,Rattus novaeguineae
Rattus omichlodes,no,Rattus omichlodes
Rattus osgoodi,no,Rattus osgoodi
Rattus palmarum,no,Rattus palmarum
Rattus pelurus,no,Rattus pelurus
Rattus pococki,no,Rattus pococki
Rattus praetor,no,Rattus praetor
Rattus pyctoris,no,Rattus pyctoris
Rattus ranjiniae,no,Rattus ranjiniae
Rattus rattus,no,Rattus rattus
Rattus richardsoni,no,Rattus richardsoni
Rattus salocco,no,Rattus salocco
Rattus satarae,no,Rattus satarae
Rattus simalurensis,no,Rattus simalurensis
Rattus sordidus,no,Rattus sordidus
Rattus steini,no,Rattus steini
Rattus stoicus,no,Rattus stoicus
Rattus tanezumi,no,Rattus tanezumi
Rattus tawitawiensis,no,Rattus tawitawiensis
Rattus timorensis,no,Rattus timorensis
Rattus tiomanicus,no,Rattus tiomanicus
Rattus tunneyi,no,Rattus tunneyi
Rattus vandeuseni,no,Rattus vandeuseni
Rattus verecundus,no,Rattus verecundus
Rattus villosissimus,no,Rattus villosissimus
Rattus xanthurus,no,Rattus xanthurus
Ratufa affinis,no,Ratufa affinis
Ratufa bicolor,no,Ratufa bicolor
Ratufa indica,no,Ratufa indica
Ratufa macroura,no,Ratufa macroura
Reithrodon auritus,no,Reithrodon auritus
Reithrodon typicus,no,Reithrodon typicus
Reithrodontomys brevirostris,no,Reithrodontomys brevirostris
Reithrodontomys burti,no,Reithrodontomys burti
Reithrodontomys chrysopsis,no,Reithrodontomys chrysopsis
Reithrodontomys creper,no,Reithrodontomys creper
Reithrodontomys darienensis,no,Reithrodontomys darienensis
Reithrodontomys fulvescens,no,Reithrodontomys fulvescens
Reithrodontomys gracilis,no,Reithrodontomys gracilis
Reithrodontomys hirsutus,no,Reithrodontomys hirsutus
Reithrodontomys humulis,no,Reithrodontomys humulis
Reithrodontomys megalotis,no,Reithrodontomys megalotis
Reithrodontomys mexicanus,no,Reithrodontomys mexicanus
Reithrodontomys microdon,no,Reithrodontomys microdon
Reithrodontomys montanus,no,Reithrodontomys montanus
Reithrodontomys paradoxus,no,Reithrodontomys paradoxus
Reithrodontomys raviventris,no,Reithrodontomys raviventris
Reithrodontomys rodriguezi,no,Reithrodontomys rodriguezi
Reithrodontomys spectabilis,no,Reithrodontomys spectabilis
Reithrodontomys sumichrasti,no,Reithrodontomys sumichrasti
Reithrodontomys tenuirostris,no,Reithrodontomys tenuirostris
Reithrodontomys zacatecae,no,Reithrodontomys zacatecae
Rhabdomys pumilio,no,Rhabdomys pumilio
Rhagomys longilingua,no,Rhagomys longilingua
Rhagomys rufescens,no,Rhagomys rufescens
Rheithrosciurus macrotis,no,Rheithrosciurus macrotis
Rheomys mexicanus,no,Rheomys mexicanus
Rheomys raptor,no,Rheomys raptor
Rheomys thomasi,no,Rheomys thomasi
Rheomys underwoodi,no,Rheomys underwoodi
Rhinosciurus laticaudatus,no,Rhinosciurus laticaudatus
Rhipidomys austrinus,no,Rhipidomys austrinus
Rhipidomys caucensis,no,Rhipidomys caucensis
Rhipidomys couesi,no,Rhipidomys couesi
Rhipidomys emiliae,no,Rhipidomys emiliae
Rhipidomys fulviventer,no,Rhipidomys fulviventer
Rhipidomys gardneri,no,Rhipidomys gardneri
Rhipidomys latimanus,no,Rhipidomys latimanus
Rhipidomys leucodactylus,no,Rhipidomys leucodactylus
Spalax graecus,no,Spalax graecus
Spalax microphthalmus,no,Spalax microphthalmus
Spalax uralensis,no,Spalax uralensis
Spalax zemni,no,Spalax zemni
Spermophilopsis leptodactylus,no,Spermophilopsis leptodactylus
Spermophilus alashanicus,no,Spermophilus alashanicus
Spermophilus brevicauda,no,Spermophilus brevicauda
Spermophilus citellus,no,Spermophilus citellus
Spermophilus dauricus,no,Spermophilus dauricus
Salinomys delicatus,no,Salinomys delicatus
Salpingotulus michaelis,no,Salpingotulus michaelis
Salpingotus crassicauda,no,Salpingotus crassicauda
Salpingotus heptneri,no,Salpingotus heptneri
Salpingotus kozlovi,no,Salpingotus kozlovi
Salpingotus pallidus,no,Salpingotus pallidus
Scapteromys aquaticus,no,Scapteromys aquaticus
Scapteromys tumidus,no,Scapteromys tumidus
Sciurillus pusillus,no,Sciurillus pusillus
Sciurotamias davidianus,no,Sciurotamias davidianus
Sciurotamias forresti,no,Sciurotamias forresti
Sciurus aberti,no,Sciurus aberti
Sciurus aestuans,no,Sciurus aestuans
Sciurus alleni,no,Sciurus alleni
Sciurus anomalus,no,Sciurus anomalus
Sciurus arizonensis,no,Sciurus arizonensis
Sciurus aureogaster,no,Sciurus aureogaster
Sciurus carolinensis,no,Sciurus carolinensis
Sciurus colliaei,no,Sciurus colliaei
Sciurus deppei,no,Sciurus deppei
Sciurus flammifer,no,Sciurus flammifer
Sciurus gilvigularis,no,Sciurus gilvigularis
Sciurus granatensis,no,Sciurus granatensis
Sciurus griseus,no,Sciurus griseus
Sciurus ignitus,no,Sciurus ignitus
Sciurus igniventris,no,Sciurus igniventris
Sciurus lis,no,Sciurus lis
Sciurus nayaritensis,no,Sciurus nayaritensis
Sciurus niger,no,Sciurus niger
Sciurus oculatus,no,Sciurus oculatus
Sciurus pucheranii,no,Sciurus pucheranii
Sciurus pyrrhinus,no,Sciurus pyrrhinus
Sciurus richmondi,no,Sciurus richmondi
Sciurus sanborni,no,Sciurus sanborni
Sciurus spadiceus,no,Sciurus spadiceus
Sciurus stramineus,no,Sciurus stramineus
Sciurus variegatoides,no,Sciurus variegatoides
Sciurus vulgaris,no,Sciurus vulgaris
Sciurus yucatanensis,no,Sciurus yucatanensis
Scolomys melanops,no,Scolomys melanops
Scolomys ucayalensis,no,Scolomys ucayalensis
Scotinomys teguina,no,Scotinomys teguina
Scotinomys xerampelinus,no,Scotinomys xerampelinus
Sekeetamys calurus,no,Sekeetamys calurus
Selevinia betpakdalaensis,no,Selevinia betpakdalaensis
Sicista armenica,no,Sicista armenica
Sicista betulina,no,Sicista betulina
Sicista caucasica,no,Sicista caucasica
Sicista caudata,no,Sicista caudata
Sicista concolor,no,Sicista concolor
Sicista kazbegica,no,Sicista kazbegica
Sicista kluchorica,no,Sicista kluchorica
Sicista napaea,no,Sicista napaea
Sicista pseudonapaea,no,Sicista pseudonapaea
Sicista severtzovi,no,Sicista severtzovi
Sicista strandi,no,Sicista strandi
Sicista subtilis,no,Sicista subtilis
Sicista tianshanica,no,Sicista tianshanica
Sigmodon alleni,no,Sigmodon alleni
Sigmodon alstoni,no,Sigmodon alstoni
Sigmodon arizonae,no,Sigmodon arizonae
Sigmodon fulviventer,no,Sigmodon fulviventer
Sigmodon hirsutus,no,Sigmodon hirsutus
Sigmodon hispidus,no,Sigmodon hispidus
Sigmodon inopinatus,no,Sigmodon inopinatus
Sigmodon leucotis,no,Sigmodon leucotis
Sigmodon mascotensis,no,Sigmodon mascotensis
Sigmodon ochrognathus,no,Sigmodon ochrognathus
Sigmodon peruanus,no,Sigmodon peruanus
Sigmodon toltecus,no,Sigmodon toltecus
Sigmodontomys alfari,no,Sigmodontomys alfari
Solomys ponceleti,no,Solomys ponceleti
Solomys salamonis,no,Solomys salamonis
Solomys salebrosus,no,Solomys salebrosus
Solomys sapientis,no,Solomys sapientis
Sommeromys macrorhinos,no,Sommeromys macrorhinos
Spalacopus cyanus,no,Spalacopus cyanus
Spalax arenarius,no,Spalax arenarius
Spalax giganteus,no,Spalax giganteus
Aeretes melanopterus,no,Aeretes melanopterus
Aeromys tephromelas,no,Aeromys tephromelas
Aeromys thomasi,no,Aeromys thomasi
Aethomys bocagei,no,Aethomys bocagei
Spermophilus erythrogenys,no,Spermophilus erythrogenys
Spermophilus fulvus,no,Spermophilus fulvus
Spermophilus major,no,Spermophilus major
Spermophilus musicus,no,Spermophilus musicus
Spermophilus pallidicauda,no,Spermophilus pallidicauda
Spermophilus pygmaeus,no,Spermophilus pygmaeus
Spermophilus ralli,no,Spermophilus ralli
Spermophilus relictus,no,Spermophilus relictus
Spermophilus suslicus,no,Spermophilus suslicus
Spermophilus xanthoprymnus,no,Spermophilus xanthoprymnus
Aepeomys lugens,no,Aepeomys lugens
Aepeomys reigi,no,Aepeomys reigi
Aethomys chrysophilus,no,Aethomys chrysophilus
Aethomys hindei,no,Aethomys hindei
Aethomys ineptus,no,Aethomys ineptus
Aethomys kaiseri,no,Aethomys kaiseri
Aethomys nyikae,no,Aethomys nyikae
Aethomys silindensis,no,Aethomys silindensis
Aethomys stannarius,no,Aethomys stannarius
Aethomys thomasi,no,Aethomys thomasi
Akodon aerosus,no,Akodon aerosus
Srilankamys ohiensis,no,Srilankamys ohiensis
Steatomys bocagei,no,Steatomys bocagei
Steatomys caurinus,no,Steatomys caurinus
Steatomys cuppedius,no,Steatomys cuppedius
Steatomys jacksoni,no,Steatomys jacksoni
Steatomys krebsii,no,Steatomys krebsii
Steatomys opimus,no,Steatomys opimus
Steatomys parvus,no,Steatomys parvus
Steatomys pratensis,no,Steatomys pratensis
Stenocephalemys albipes,no,Stenocephalemys albipes
Stenocephalemys albocaudata,no,Stenocephalemys albocaudata
Stenocephalemys griseicauda,no,Stenocephalemys griseicauda
Stenocephalemys ruppi,no,Stenocephalemys ruppi
Stochomys longicaudatus,no,Stochomys longicaudatus
Stylodipus andrewsi,no,Stylodipus andrewsi
Stylodipus sungorus,no,Stylodipus sungorus
Stylodipus telum,no,Stylodipus telum
Sundamys infraluteus,no,Sundamys infraluteus
Sundamys maxi,no,Sundamys maxi
Trichys fasciculata,no,Trichys fasciculata
Trinomys albispinus,no,Trinomys albispinus
Acomys cahirinus,no,Acomys cahirinus
Acomys cilicicus,no,Acomys cilicicus
Acomys cineraceus,no,Acomys cineraceus
Acomys dimidiatus,no,Acomys dimidiatus
Acomys ignitus,no,Acomys ignitus
Acomys johannis,no,Acomys johannis
Acomys kempi,no,Acomys kempi
Acomys louisae,no,Acomys louisae
Acomys minous,no,Acomys minous
Acomys mullah,no,Acomys mullah
Acomys nesiotes,no,Acomys nesiotes
Acomys percivali,no,Acomys percivali
Acomys russatus,no,Acomys russatus
Acomys seurati,no,Acomys seurati
Acomys spinosissimus,no,Acomys spinosissimus
Acomys subspinosus,no,Acomys subspinosus
Acomys wilsoni,no,Acomys wilsoni
Aconaemys fuscus,no,Aconaemys fuscus
Aconaemys porteri,no,Aconaemys porteri
Aconaemys sagei,no,Aconaemys sagei
Sundamys muelleri,no,Sundamys muelleri
Sundasciurus brookei,no,Sundasciurus brookei
Sundasciurus davensis,no,Sundasciurus davensis
Sundasciurus fraterculus,no,Sundasciurus fraterculus
Sundasciurus hippurus,no,Sundasciurus hippurus
Sundasciurus hoogstraali,no,Sundasciurus hoogstraali
Sundasciurus jentinki,no,Sundasciurus jentinki
Sundasciurus juvencus,no,Sundasciurus juvencus
Sundasciurus lowii,no,Sundasciurus lowii
Sundasciurus mindanensis,no,Sundasciurus mindanensis
Sundasciurus moellendorffi,no,Sundasciurus moellendorffi
Sundasciurus philippinensis,no,Sundasciurus philippinensis
Sundasciurus rabori,no,Sundasciurus rabori
Sundasciurus samarensis,no,Sundasciurus samarensis
Sundasciurus steerii,no,Sundasciurus steerii
Sundasciurus tenuis,no,Sundasciurus tenuis
Synaptomys borealis,no,Synaptomys borealis
Synaptomys cooperi,no,Synaptomys cooperi
Syntheosciurus brochus,no,Syntheosciurus brochus
Tachyoryctes macrocephalus,no,Tachyoryctes macrocephalus
Tachyoryctes splendens,no,Tachyoryctes splendens
Taeromys arcuatus,no,Taeromys arcuatus
Taeromys callitrichus,no,Taeromys callitrichus
Taeromys celebensis,no,Taeromys celebensis
Taeromys hamatus,no,Taeromys hamatus
Taeromys microbullatus,no,Taeromys microbullatus
Taeromys punicans,no,Taeromys punicans
Taeromys taerae,no,Taeromys taerae
Tamias striatus,no,Tamias striatus
Tamiasciurus douglasii,no,Tamiasciurus douglasii
Tamiasciurus hudsonicus,no,Tamiasciurus hudsonicus
Tamiasciurus mearnsi,no,Tamiasciurus mearnsi
Tamiops maritimus,no,Tamiops maritimus
Tamiops rodolphii,no,Tamiops rodolphii
Tamiops swinhoei,no,Tamiops swinhoei
Tapecomys primus,no,Tapecomys primus
Abditomys latidens,no,Abditomys latidens
Abeomelomys sevia,no,Abeomelomys sevia
Abrawayaomys ruschii,no,Abrawayaomys ruschii
Abrocoma bennettii,no,Abrocoma bennettii
Abrocoma boliviensis,no,Abrocoma boliviensis
Abrocoma budini,no,Abrocoma budini
Abrocoma cinerea,no,Abrocoma cinerea
Abrocoma famatina,no,Abrocoma famatina
Abrocoma shistacea,no,Abrocoma shistacea
Abrocoma uspallata,no,Abrocoma uspallata
Abrocoma vaccarum,no,Abrocoma vaccarum
Abrothrix andinus,no,Abrothrix andinus
Abrothrix jelskii,no,Abrothrix jelskii
Abrothrix lanosus,no,Abrothrix lanosus
Abrothrix longipilis,no,Abrothrix longipilis
Abrothrix olivaceus,no,Abrothrix olivaceus
Abrothrix sanborni,no,Abrothrix sanborni
Acomys airensis,no,Acomys airensis
Akodon affinis,no,Akodon affinis
Akodon albiventer,no,Akodon albiventer
Akodon azarae,no,Akodon azarae
Akodon boliviensis,no,Akodon boliviensis
Akodon budini,no,Akodon budini
Akodon cursor,no,Akodon cursor
Akodon dayi,no,Akodon dayi
Akodon dolores,no,Akodon dolores
Akodon fumeus,no,Akodon fumeus
Akodon iniscatus,no,Akodon iniscatus
Akodon juninensis,no,Akodon juninensis
Akodon kofordi,no,Akodon kofordi
Akodon lindberghi,no,Akodon lindberghi
Akodon lutescens,no,Akodon lutescens
Akodon mimus,no,Akodon mimus
Akodon molinae,no,Akodon molinae
Akodon mollis,no,Akodon mollis
Akodon montensis,no,Akodon montensis
Akodon mystax,no,Akodon mystax
Akodon orophilus,no,Akodon orophilus
Akodon paranaensis,no,Akodon paranaensis
Akodon pervalens,no,Akodon pervalens
Akodon reigi,no,Akodon reigi
Akodon sanctipaulensis,no,Akodon sanctipaulensis
Akodon serrensis,no,Akodon serrensis
Akodon siberiae,no,Akodon siberiae
Akodon simulator,no,Akodon simulator
Akodon spegazzinii,no,Akodon spegazzinii
Akodon subfuscus,no,Akodon subfuscus
Akodon surdus,no,Akodon surdus
Akodon sylvanus,no,Akodon sylvanus
Akodon toba,no,Akodon toba
Akodon torques,no,Akodon torques
Akodon varius,no,Akodon varius
Allactaga balikunica,no,Allactaga balikunica
Allactaga bullata,no,Allactaga bullata
Allactaga elater,no,Allactaga elater
Allactaga euphratica,no,Allactaga euphratica
Allactaga firouzi,no,Allactaga firouzi
Allactaga hotsoni,no,Allactaga hotsoni
Allactaga major,no,Allactaga major
Allactaga severtzovi,no,Allactaga severtzovi
Allactaga sibirica,no,Allactaga sibirica
Allactaga tetradactyla,no,Allactaga tetradactyla
Allactaga vinogradovi,no,Allactaga vinogradovi
Allactaga williamsi,no,Allactaga williamsi
Allactodipus bobrinskii,no,Allactodipus bobrinskii
Allocricetulus curtatus,no,Allocricetulus curtatus
Allocricetulus eversmanni,no,Allocricetulus eversmanni
Alticola albicaudus,no,Alticola albicaudus
Alticola argentatus,no,Alticola argentatus
Alticola barakshin,no,Alticola barakshin
Alticola lemminus,no,Alticola lemminus
Alticola macrotis,no,Alticola macrotis
Alticola montosa,no,Alticola montosa
Alticola olchonensis,no,Alticola olchonensis
Alticola roylei,no,Alticola roylei
Alticola semicanus,no,Alticola semicanus
Alticola stoliczkanus,no,Alticola stoliczkanus
Alticola strelzowi,no,Alticola strelzowi
Alticola tuvinicus,no,Alticola tuvinicus
Ammodillus imbellis,no,Ammodillus imbellis
Ammospermophilus harrisii,no,Ammospermophilus harrisii
Ammospermophilus interpres,no,Ammospermophilus interpres
Ammospermophilus leucurus,no,Ammospermophilus leucurus
Ammospermophilus nelsoni,no,Ammospermophilus nelsoni
Amphinectomys savamis,no,Amphinectomys savamis
Andalgalomys olrogi,no,Andalgalomys olrogi
Andalgalomys pearsoni,no,Andalgalomys pearsoni
Andinomys edax,no,Andinomys edax
Anisomys imitator,no,Anisomys imitator
Anomalurus beecrofti,no,Anomalurus beecrofti
Anomalurus derbianus,no,Anomalurus derbianus
Anomalurus pelii,no,Anomalurus pelii
Anomalurus pusillus,no,Anomalurus pusillus
Anonymomys mindorensis,no,Anonymomys mindorensis
Anotomys leander,no,Anotomys leander
Aplodontia rufa,no,Aplodontia rufa
Apodemus agrarius,no,Apodemus agrarius
Apodemus alpicola,no,Apodemus alpicola
Apodemus argenteus,no,Apodemus argenteus
Apodemus chevrieri,no,Apodemus chevrieri
Apodemus draco,no,Apodemus draco
Apodemus epimelas,no,Apodemus epimelas
Apodemus flavicollis,no,Apodemus flavicollis
Apodemus gurkha,no,Apodemus gurkha
Apodemus hyrcanicus,no,Apodemus hyrcanicus
Apodemus latronum,no,Apodemus latronum
Apodemus mystacinus,no,Apodemus mystacinus
Apodemus pallipes,no,Apodemus pallipes
Apodemus peninsulae,no,Apodemus peninsulae
Apodemus ponticus,no,Apodemus ponticus
Apodemus rusiges,no,Apodemus rusiges
Apodemus semotus,no,Apodemus semotus
Apodemus speciosus,no,Apodemus speciosus
Apodemus sylvaticus,no,Apodemus sylvaticus
Apodemus uralensis,no,Apodemus uralensis
Apodemus witherbyi,no,Apodemus witherbyi
Apomys abrae,no,Apomys abrae
Apomys datae,no,Apomys datae
Apomys gracilirostris,no,Apomys gracilirostris
Apomys hylocetes,no,Apomys hylocetes
Apomys insignis,no,Apomys insignis
Apomys littoralis,no,Apomys littoralis
Apomys microdon,no,Apomys microdon
Apomys musculus,no,Apomys musculus
Apomys sacobianus,no,Apomys sacobianus
Arborimus albipes,no,Arborimus albipes
Arborimus longicaudus,no,Arborimus longicaudus
Arborimus pomo,no,Arborimus pomo
Archboldomys luzonensis,no,Archboldomys luzonensis
Arvicanthis abyssinicus,no,Arvicanthis abyssinicus
Arvicanthis ansorgei,no,Arvicanthis ansorgei
Arvicanthis blicki,no,Arvicanthis blicki
Arvicanthis nairobae,no,Arvicanthis nairobae
Arvicanthis neumanni,no,Arvicanthis neumanni
Arvicanthis niloticus,no,Arvicanthis niloticus
Arvicanthis rufinus,no,Arvicanthis rufinus
Arvicola amphibius,no,Arvicola amphibius
Arvicola sapidus,no,Arvicola sapidus
Arvicola scherman,no,Arvicola scherman
Tarsomys apoensis,no,Tarsomys apoensis
Tarsomys echinatus,no,Tarsomys echinatus
Tateomys macrocercus,no,Tateomys macrocercus
Tateomys rhinogradoides,no,Tateomys rhinogradoides
Tatera indica,no,Tatera indica
Taterillus arenarius,no,Taterillus arenarius
Taterillus congicus,no,Taterillus congicus
Taterillus emini,no,Taterillus emini
Taterillus gracilis,no,Taterillus gracilis
Taterillus lacustris,no,Taterillus lacustris
Taterillus petteri,no,Taterillus petteri
Taterillus pygargus,no,Taterillus pygargus
Taterillus tranieri,no,Taterillus tranieri
Thallomys loringi,no,Thallomys loringi
Thallomys nigricauda,no,Thallomys nigricauda
Thallomys paedulcus,no,Thallomys paedulcus
Thallomys shortridgei,no,Thallomys shortridgei
Thalpomys cerradensis,no,Thalpomys cerradensis
Thalpomys lasiotis,no,Thalpomys lasiotis
Thamnomys kempi,no,Thamnomys kempi
Thamnomys venustus,no,Thamnomys venustus
Thaptomys nigrita,no,Thaptomys nigrita
Thomasomys apeco,no,Thomasomys apeco
Thomasomys aureus,no,Thomasomys aureus
Thomasomys baeops,no,Thomasomys baeops
Thomasomys bombycinus,no,Thomasomys bombycinus
Thomasomys caudivarius,no,Thomasomys caudivarius
Thomasomys cinereiventer,no,Thomasomys cinereiventer
Thomasomys cinereus,no,Thomasomys cinereus
Thomasomys cinnameus,no,Thomasomys cinnameus
Thomasomys daphne,no,Thomasomys daphne
Thomasomys eleusis,no,Thomasomys eleusis
Thomasomys erro,no,Thomasomys erro
Thomasomys gracilis,no,Thomasomys gracilis
Thomasomys hudsoni,no,Thomasomys hudsoni
Thomasomys hylophilus,no,Thomasomys hylophilus
Thomasomys incanus,no,Thomasomys incanus
Thomasomys ischyrus,no,Thomasomys ischyrus
Thomasomys kalinowskii,no,Thomasomys kalinowskii
Thomasomys ladewi,no,Thomasomys ladewi
Thomasomys laniger,no,Thomasomys laniger
Thomasomys macrotis,no,Thomasomys macrotis
Thomasomys monochromos,no,Thomasomys monochromos
Thomasomys niveipes,no,Thomasomys niveipes
Thomasomys notatus,no,Thomasomys notatus
Thomasomys onkiro,no,Thomasomys onkiro
Thomasomys oreas,no,Thomasomys oreas
Thomasomys paramorum,no,Thomasomys paramorum
Thomasomys popayanus,no,Thomasomys popayanus
Thomasomys praetor,no,Thomasomys praetor
Thomasomys pyrrhonotus,no,Thomasomys pyrrhonotus
Thomasomys rosalinda,no,Thomasomys rosalinda
Thomasomys silvestris,no,Thomasomys silvestris
Thomasomys taczanowskii,no,Thomasomys taczanowskii
Thomasomys ucucha,no,Thomasomys ucucha
Thomasomys vestitus,no,Thomasomys vestitus
Thomasomys vulcani,no,Thomasomys vulcani
Thomomys bottae,no,Thomomys bottae
Thomomys bulbivorus,no,Thomomys bulbivorus
Thomomys clusius,no,Thomomys clusius
Thomomys idahoensis,no,Thomomys idahoensis
Thomomys mazama,no,Thomomys mazama
Thomomys monticola,no,Thomomys monticola
Thomomys talpoides,no,Thomomys talpoides
Thomomys townsendii,no,Thomomys townsendii
Thomomys umbrinus,no,Thomomys umbrinus
Thrichomys apereoides,no,Thrichomys apereoides
Thrichomys inermis,no,Thrichomys inermis
Thrichomys pachyurus,no,Thrichomys pachyurus
Thryonomys gregorianus,no,Thryonomys gregorianus
Thryonomys swinderianus,no,Thryonomys swinderianus
Tokudaia muenninki,no,Tokudaia muenninki
Tokudaia osimensis,no,Tokudaia osimensis
Trinomys dimidiatus,no,Trinomys dimidiatus
Trinomys eliasi,no,Trinomys eliasi
Trinomys gratiosus,no,Trinomys gratiosus
Trinomys iheringi,no,Trinomys iheringi
Trinomys mirapitanga,no,Trinomys mirapitanga
Trinomys moojeni,no,Trinomys moojeni
Trinomys paratus,no,Trinomys paratus
Trinomys setosus,no,Trinomys setosus
Trinomys yonenagae,no,Trinomys yonenagae
Trogopterus xanthipes,no,Trogopterus xanthipes
Tryphomys adustus,no,Tryphomys adustus
Tscherskia triton,no,Tscherskia triton
Tylomys bullaris,no,Tylomys bullaris
Tylomys fulviventer,no,Tylomys fulviventer
Tylomys mirae,no,Tylomys mirae
Tylomys nudicaudus,no,Tylomys nudicaudus
Tylomys panamensis,no,Tylomys panamensis
Tylomys tumbalensis,no,Tylomys tumbalensis
Tylomys watsoni,no,Tylomys watsoni
Tympanoctomys barrerae,no,Tympanoctomys barrerae
Typhlomys cinereus,no,Typhlomys cinereus
Uranomys ruddi,no,Uranomys ruddi
Uromys anak,no,Uromys anak
Uromys boeadii,no,Uromys boeadii
Uromys caudimaculatus,no,Uromys caudimaculatus
Uromys emmae,no,Uromys emmae
Uromys hadrourus,no,Uromys hadrourus
Uromys imperator,no,Uromys imperator
Uromys neobritannicus,no,Uromys neobritannicus
Uromys porculus,no,Uromys porculus
Uromys rex,no,Uromys rex
Uromys siebersi,no,Uromys siebersi
Vandeleuria nilagirica,no,Vandeleuria nilagirica
Vandeleuria nolthenii,no,Vandeleuria nolthenii
Vandeleuria oleracea,no,Vandeleuria oleracea
Vernaya fulva,no,Vernaya fulva
Voalavo gymnocaudus,no,Voalavo gymnocaudus
Volemys millicens,no,Volemys millicens
Volemys musseri,no,Volemys musseri
Wiedomys pyrrhorhinos,no,Wiedomys pyrrhorhinos
Wilfredomys oenax,no,Wilfredomys oenax
Xenomys nelsoni,no,Xenomys nelsoni
Xenuromys barbatus,no,Xenuromys barbatus
Xeromys myoides,no,Xeromys myoides
Xerus erythropus,no,Xerus erythropus
Xerus inauris,no,Xerus inauris
Xerus princeps,no,Xerus princeps
Xerus rutilus,no,Xerus rutilus
Zapus hudsonius,no,Zapus hudsonius
Zapus princeps,no,Zapus princeps
Zapus trinotatus,no,Zapus trinotatus
Zelotomys hildegardeae,no,Zelotomys hildegardeae
Zelotomys woosnami,no,Zelotomys woosnami
Zenkerella insignis,no,Zenkerella insignis
Zygodontomys brevicauda,no,Zygodontomys brevicauda
Zygodontomys brunneus,no,Zygodontomys brunneus
Zygogeomys trichopus,no,Zygogeomys trichopus
Zyzomys argurus,no,Zyzomys argurus
Zyzomys maini,no,Zyzomys maini
Zyzomys pedunculatus,no,Zyzomys pedunculatus
Zyzomys woodwardi,no,Zyzomys woodwardi
Acomys chudeaui,yes, 
Amblyrhiza inundata,yes,extinct
Ammospermophilus insularis,yes, 
Andalgalomys roigi,yes, 
Archboldomys musseri,yes,Soricomys musseri
Beamys major,yes, 
Boromys offella,yes,extinct
Boromys torrei,yes,extinct
Brotomys contractus,yes,Extinct
Brotomys voratus,yes,extinct
Capromys gundlachianus,yes,not_assessed
Cavia porcellus,yes,not_assessed
Clidomys osborni,yes,not_assessed
Conilurus albipes,yes,extinct
Coryphomys buehleri,yes,extinct
Cratogeomys gymnurus,yes,not_assessed
Cratogeomys neglectus,yes,not_assessed
Cratogeomys tylorhinus,yes,not_assessed
Cratogeomys zinseri,yes,not_assessed
Cricetomys ansorgei,yes, 
Cricetomys kivuensis,yes, 
Cryptomys amatus,yes, 
Cryptomys anselli,yes,Fukomys anselli
Cryptomys bocagei,yes,Fukomys bocagei
Cryptomys damarensis,yes,Fukomys damarensis
Cryptomys darlingi,yes,Fukomys darlingi
Cryptomys foxi,yes,Fukomys foxi
Cryptomys kafuensis,yes,Fukomys kafuensis
Cryptomys mechowi,yes,Fukomys mechowi
Cryptomys ochraceocinereus,yes,Fukomys ochraceocinereus
Cryptomys zechi,yes,Fukomys zechi
Dasymys alleni,yes, 
Dasymys cabrali,yes, 
Dasymys rwandae,yes, 
Dasymys sua,yes, 
Dendromus leucostomus,yes, 
Dendromus nyasae,yes, 
Dephomys eburneae,yes, 
Diplomys rufodorsalis,yes,Santamartamys rufodorsalis
Dipodillus bottai,yes,Gerbillus bottai
Dipodillus campestris,yes,Gerbillus campestris
Dipodillus dasyurus,yes,Gerbillus dasyurus
Dipodillus harwoodi,yes,Gerbillus harwoodi
Dipodillus jamesi,yes,Gerbillus jamesi
Dipodillus lowei,yes,Gerbillus lowei
Dipodillus mackilligini,yes,Gerbillus mackillingini
Dipodillus maghrebi,yes,Gerbillus maghrebi
Dipodillus rupicola,yes,Gerbillus rupicola
Dipodillus simoni,yes, 
Dipodillus somalicus,yes,Gerbillus somalicus
Dipodillus stigmonyx,yes,Gerbillus stigmonyx
Dipodillus zakariai,yes, 
Echimys semivillosus,yes,Pattonomys semivillosus
Elasmodontomys obliquus,yes,not_assessed
Geocapromys thoracatus,yes,extinct
Gerbillus agag,yes,data deficient
Gerbillus burtoni,yes,data deficient
Gerbillus dongolanus,yes, 
Gerbillus garamantis,yes, 
Gerbillus mauritaniae,yes, 
Gerbillus syrticus,yes, 
Gerbillus vivax,yes, 
Grammomys poensis,yes, 
Heteropsomys antillensis,yes,not_assessed
Heteropsomys insulans,yes,extinct
Hexolobodon phenax,yes,extinct
Hydromys habbema,yes,Baiyankamys habbema
Hydromys shawmayeri,yes,Baiyankamys shawmayeri
Isolobodon montanus,yes,extinct
Isolobodon portoricensis,yes,extinct
Juscelinomys candango,yes,extinct
Lagostomus crassus,yes,extinct
Lophuromys angolensis,yes, 
Lophuromys ansorgei,yes, 
Lophuromys aquilus,yes, 
Lophuromys brunneus,yes, 
Lophuromys dudui,yes, 
Lophuromys verhageni,yes, 
Lophuromys zena,yes, 
Makalata grandis,yes,Toromys grandis
Makalata obscura,yes,data deficient
Makalata occasius,yes,Pattonomys occasius
Malpaisomys insularis,yes,not_assessed
Megalomys desmarestii,yes,extinct
Megalomys luciae,yes,extinct
Megaoryzomys curioi,yes,extinct
Melomys spechti,yes,not_assessed
Mesocapromys melanurus,yes,Mysateles melanurus
Microhydromys musseri,yes,Pseudohydromys musseri
Myodes imaizumii,yes, 
Myotomys sloggetti,yes,Otomys sloggetti
Myotomys unisulcatus,yes,Otomys unisulcatus
Neotoma anthonyi,yes,extinct
Neotoma bunkeri,yes,extinct
Neotoma martinensis,yes,extinct
Nesoryzomys darwini,yes,extinct
Nesoryzomys indefessus,yes,extinct
Noronhomys vespuccii,yes,extinct
Notomys amplus,yes,extinct
Notomys longicaudatus,yes,extinct
Notomys macrotis,yes,extinct
Notomys mordax,yes,extinct
Oligoryzomys victus,yes,extinct
Oryzomys albigularis,yes,Nephelomys albigularis
Oryzomys alfaroi,yes,Handleyomys alfaroi
Oryzomys angouya,yes,Sooretamys angouya
Oryzomys auriventer,yes,Nephelomys auriventer
Oryzomys balneator,yes,Nephelomys balneator
Oryzomys bolivaris,yes,Transandinomys bolivaris
Oryzomys caracolus,yes,Nephelomys caracolus
Oryzomys chapmani,yes,Handleyomys chapmani
Oryzomys curasoae,yes,data deficient
Oryzomys devius,yes,Nephelomys devius
Oryzomys emmonsae,yes,Euryoryzomys emmonsae
Oryzomys galapagoensis,yes,Aegialomys galapagoensis
Oryzomys hammondi,yes,Mindomys hammondi
Oryzomys keaysi,yes,Nephelomys keaysi
Oryzomys lamia,yes,Euryoryzomys lamia
Oryzomys laticeps,yes, 
Oryzomys legatus,yes,Euryoryzomys legatus
Oryzomys levipes,yes,Nephelomys levipes
Oryzomys macconnelli,yes,Euryoryzomys macconnelli
Oryzomys maracajuensis,yes,Cerradomys maracajuensis
Oryzomys marinhus,yes,Cerradomys marinhus
Oryzomys megacephalus,yes,Hylaeamys megacephalus
Oryzomys melanotis,yes,Handleyomys melanotis
Oryzomys meridensis,yes,Nephelomys meridensis
Oryzomys nelsoni,yes,extinct
Oryzomys nitidus,yes,Euryoryzomys nitidus
Oryzomys perenensis,yes,Hylaeamys perenensis
Oryzomys polius,yes,Eremoryzomys polius
Oryzomys rhabdops,yes,Handleyomys rhabdops
Oryzomys rostratus,yes,Handleyomys rostratus
Oryzomys russatus,yes,Euryoryzomys russatus
Oryzomys saturatior,yes,Handleyomys saturatior
Oryzomys scotti,yes,Cerradomys scotti
Oryzomys seuanezi,yes, 
Oryzomys subflavus,yes,Cerradomys subflavus
Oryzomys talamancae,yes,Transandinomys talamancae
Oryzomys tatei,yes,Hylaeamys tatei
Oryzomys xanthaeolus,yes,Aegialomys xanthaeolus
Oryzomys yunganus,yes,Hylaeamys yunganus
Otomys dartmouthi,yes, 
Otomys dollmani,yes, 
Otomys jacksoni,yes, 
Otomys maximus,yes, 
Otomys orestes,yes, 
Otomys uzungwensis,yes, 
Papagomys theodorverhoeveni,yes,not_assessed
Peromyscus pembertoni,yes,extinct
Plagiodontia araeum,yes,not_assessed
Plagiodontia ipnaeum,yes,extinct
Pogonomelomys bruijni,yes,Pogonomelomys bruijnii
Pseudomys glaucus,yes,extinct
Pseudomys gouldii,yes,extinct
Pseudomys laborifex,yes, 
Pygeretmus shitkovi,yes,Pygeretmus zhitkovi
Quemisia gravis,yes,not_assessed
Rattus macleari,yes,extinct
Rattus nativitatis,yes,extinct
Rattus sanila,yes,not_assessed
Rhabdomys dilectus,yes, 
Rhagamys orthodon,yes,extinct
Rhizoplagiodontia lemkei,yes,not_assessed
Salpingotus thomasi,yes, 
Sigmodon zanjonensis,yes,not_assessed
Solomys spriggsarum,yes,not_assessed
Spalax carmeli,yes, 
Spalax galili,yes, 
Spalax golani,yes, 
Spalax judaei,yes,not_assessed
Spelaeomys florensis,yes,not_assessed
Tachyoryctes ankoliae,yes, 
Tachyoryctes annectens,yes, 
Tachyoryctes audax,yes, 
Tachyoryctes daemon,yes, 
Tachyoryctes ibeanus,yes, 
Tachyoryctes naivashae,yes, 
Tachyoryctes rex,yes, 
Tachyoryctes ruandae,yes, 
Tachyoryctes ruddi,yes, 
Tachyoryctes spalacinus,yes, 
Tachyoryctes storeyi,yes, 
Tamiops mcclellandii,yes,not_assessed
Taterillus harringtoni,yes, 
Thamnomys major,yes, 
Zyzomys palatilis,yes,Zyzomys palatalis
Spermophilus tereticaudus,yes,Xerospermophilus tereticaudus
Spermophilus spilosoma,yes,Xerospermophilus spilosoma
Spermophilus perotensis,yes,Xerospermophilus perotensis
Spermophilus mohavensis,yes,Xerospermophilus mohavensis
Spermophilus washingtoni,yes,Urocitellus washingtoni
Spermophilus undulatus,yes,Urocitellus undulatus
Spermophilus townsendii,yes,Urocitellus townsendii
Spermophilus richardsonii,yes,Urocitellus richardsonii
Spermophilus parryii,yes,Urocitellus parryii
Spermophilus mollis,yes,Urocitellus mollis
Spermophilus elegans,yes,Urocitellus elegans
Spermophilus columbianus,yes,Urocitellus columbianus
Spermophilus canus,yes,Urocitellus canus
Spermophilus brunneus,yes,Urocitellus brunneus
Spermophilus beldingi,yes,Urocitellus beldingi
Spermophilus armatus,yes,Urocitellus armatus
Salinoctomys loschalchalerosorum,yes,Tympanoctomys loschalchalerosorum
Pipanacoctomys aureus,yes,Tympanoctomys aureus
Trinomys myosuros,yes, 
Makalata rhipidura,yes,Toromys rhipidurus
Sigmodontomys aphrastus,yes, 
Proechimys urichi,yes, 
Proechimys trinitatus,yes, 
Proechimys poliopus,yes, 
Proechimys magdalenae,yes, 
Spermophilus franklinii,yes,Poliocitellus franklinii
Paralomys gerbillus,yes,Phyllotis gerbillus
Perognathus alticolus,yes,Perognathus alticola
Pearsonomys annectens,yes, 
Pappogeomys alcorni,yes,Pappogeomys bulleri ssp. alcorni
Oxymycterus akodontius,yes, 
Spermophilus variegatus,yes,Otospermophilus variegatus
Spermophilus atricapillus,yes,Otospermophilus beecheyi ssp. atricapillus
Spermophilus beecheyi,yes,Otospermophilus beecheyi
Otomys saundersiae,yes,Otomys karoensis
Orthogeomys thaeleri,yes, 
Orthogeomys matagalpae,yes, 
Spermophilus annulatus,yes,Notocitellus annulatus
Spermophilus adocetus,yes,Notocitellus adocetus
Tamias umbrinus,yes,Neotamias umbrinus
Tamias townsendii,yes,Neotamias townsendii
Tamias speciosus,yes,Neotamias speciosus
Tamias sonomae,yes,Neotamias sonomae
Tamias siskiyou,yes,Neotamias siskiyou
Tamias senex,yes,Neotamias senex
Tamias rufus,yes,Neotamias rufus
Tamias ruficaudus,yes,Neotamias ruficaudus
Tamias quadrivittatus,yes,Neotamias quadrivittatus
Tamias quadrimaculatus,yes,Neotamias quadrimaculatus
Tamias panamintinus,yes,Neotamias panamintinus
Tamias palmeri,yes,Neotamias palmeri
Tamias ochrogenys,yes,Neotamias ochrogenys
Tamias obscurus,yes,Neotamias obscurus
Tamias minimus,yes,Neotamias minimus
Tamias merriami,yes,Neotamias merriami
Tamias durangae,yes,Neotamias durangae
Tamias dorsalis,yes,Neotamias dorsalis
Tamias cinereicollis,yes,Neotamias cinereicollis
Tamias canipes,yes,Neotamias canipes
Tamias bulleri,yes,Neotamias bulleri
Tamias amoenus,yes,Neotamias amoenus
Tamias alpinus,yes,Neotamias alpinus
Akodon latebricola,yes,Neomicroxus latebricola
Akodon bogotensis,yes,Neomicroxus bogotensis
Spalax nehringi,yes,Nannospalax xanthodon
Spalax leucodon,yes,Nannospalax leucodon
Spalax ehrenbergi,yes,Nannospalax ehrenbergi
Mysateles meridionalis,yes, 
Lagidium peruanum,yes,Lagidium ahuacaense
Kunsia fronto,yes, 
Juscelinomys guaporensis,yes, 
Spermophilus tridecemlineatus,yes,Ictidomys tridecemlineatus
Spermophilus mexicanus,yes,Ictidomys mexicanus
Hylopetes lepidus,yes, 
Liomys spectabilis,yes,Heteromys spectabilis
Liomys salvini,yes,Heteromys salvini
Liomys pictus,yes,Heteromys pictus
Liomys irroratus,yes,Heteromys irroratus
Liomys adspersus,yes,Heteromys adspersus
Orthogeomys lanius,yes,Heterogeomys lanius
Orthogeomys dariensis,yes,Heterogeomys dariensis
Orthogeomys cherriei,yes,Heterogeomys cherriei
Tamias sibiricus,yes,Eutamias sibiricus
Dasyprocta cristata,yes, 
Ctenomys budini,yes, 
Ctenomys sylvanus,yes, 
Sphiggurus vestitus,yes,Coendou vestitus
Sphiggurus villosus,yes, 
Sphiggurus spinosus,yes, 
Echinoprocta rufescens,yes,Coendou rufescens
Sphiggurus roosmalenorum,yes,Coendou roosmalenorum
Coendou rothschildi,yes,Coendou quichua
Sphiggurus pruinosus,yes,Coendou pruinosus
Sphiggurus mexicanus,yes,Coendou mexicanus
Sphiggurus melanurus,yes,Coendou melanurus
Sphiggurus insidiosus,yes,Coendou insidiosus
Sphiggurus ichillus,yes,Coendou ichillus
Clyomys bishopi,yes,Clyomys laticeps 
Chelemys delfini,yes, 
Chaetodipus dalquesti,yes,Chaetodipus ammophilus
Mysateles garridoi,yes, 
Spermophilus saturatus,yes,Callospermophilus saturatus
Spermophilus madrensis,yes,Callospermophilus madrensis
Spermophilus lateralis,yes,Callospermophilus lateralis
Coccymys albidens,yes,Brassomys albidens
Akodon leucolimnaeus,yes, 
Akodon oenos,yes, 
Abrothrix hershkovitzi,yes, 
Abrothrix markhami,yes, 
Abrothrix illuteus,yes,Abrothrix illutea
Brucepattersonius albinasus,yes,not_assessed
Graomys centralis,yes,not_assessed
Nectomys magdalenae,yes,not_assessed
Mus orangiae,yes,not_assessed
Petinomys sagitta,yes,not_assessed
Sigmodon planifrons,yes,not_assessed
Akodon aliquantulus,yes,not_assessed
Akodon neocenus,yes,not_assessed
Thomasomys rhoadsi,yes,not_assessed
